id,userId,action,entity,entityId,timestamp
1,2,Contract Created,Vendor,457,2024-07-11
2,5,Purchase Order Created,PurchaseOrder,774,2026-05-18
3,5,User Account Updated,Contract,634,2025-10-07
4,1,Vendor Approved,Reliability,940,2026-02-20
5,5,Vendor Updated,Reliability,600,2025-03-09
6,6,Invoice Reviewed,ProcurementRequest,445,2024-04-21
7,2,Reliability Score Calculated,Vendor,801,2026-05-10
8,4,Purchase Order Approved,Contract,285,2026-01-08
9,4,Compliance Review Completed,Contract,386,2024-09-22
10,4,Contract Created,Reliability,365,2025-01-26
11,2,Purchase Order Updated,Vendor,569,2024-09-24
12,3,Vendor Approved,User,697,2024-03-20
13,6,Compliance Review Completed,ProcurementRequest,254,2026-03-24
14,5,Contract Updated,Invoice,159,2024-12-30
15,4,Vendor Approved,Invoice,593,2026-06-24
16,2,Contract Created,Contract,123,2024-01-09
17,2,Contract Created,ProcurementRequest,644,2024-12-08
18,1,Purchase Order Approved,PurchaseOrder,542,2025-11-23
19,2,Purchase Order Updated,User,342,2024-05-24
20,1,Purchase Order Created,PurchaseOrder,962,2026-08-05
21,6,Compliance Review Completed,User,555,2026-02-18
22,4,Purchase Order Updated,Reliability,578,2024-04-30
23,5,Reliability Score Calculated,Vendor,882,2026-05-09
24,5,Reliability Score Calculated,Reliability,542,2024-02-06
25,3,Vendor Updated,Invoice,877,2024-07-29
26,5,Reliability Score Calculated,Vendor,871,2026-05-31
27,3,Purchase Order Created,Vendor,995,2025-03-19
28,4,Purchase Order Created,Vendor,752,2025-11-17
29,5,Purchase Order Created,Reliability,55,2024-08-20
30,5,Contract Created,ProcurementRequest,20,2024-04-17
31,6,Procurement Request Created,User,487,2025-04-20
32,4,Contract Updated,PurchaseOrder,713,2025-12-06
33,1,Contract Updated,Reliability,663,2024-05-05
34,6,Vendor Approved,ProcurementRequest,14,2026-05-14
35,4,Vendor Rejected,Invoice,470,2024-02-05
36,5,Purchase Order Updated,Contract,301,2026-07-22
37,3,Purchase Order Updated,User,285,2024-01-26
38,4,Contract Updated,Vendor,911,2024-11-12
39,2,Contract Created,Contract,818,2025-03-20
40,4,Purchase Order Created,Invoice,659,2024-11-08
41,2,Vendor Rejected,Reliability,709,2026-08-05
42,6,Purchase Order Updated,User,821,2025-01-16
43,4,Procurement Request Approved,Contract,623,2024-11-18
44,5,Procurement Request Approved,Invoice,168,2025-07-30
45,4,Vendor Updated,User,419,2024-08-20
46,2,User Account Updated,Contract,224,2024-06-20
47,3,Purchase Order Created,Contract,775,2024-02-13
48,2,Invoice Reviewed,Reliability,650,2025-09-22
49,1,Contract Updated,User,42,2024-11-30
50,4,Procurement Request Created,Reliability,329,2025-11-30
51,1,Purchase Order Approved,Vendor,702,2024-08-27
52,3,Purchase Order Created,Vendor,915,2025-04-04
53,4,Contract Created,User,877,2024-08-24
54,2,Contract Updated,Reliability,520,2025-03-30
55,4,Reliability Score Calculated,User,561,2024-03-28
56,6,Invoice Reviewed,User,442,2024-02-04
57,3,Reliability Score Calculated,User,643,2024-03-29
58,5,Vendor Rejected,Contract,812,2024-01-08
59,2,Invoice Reviewed,ProcurementRequest,191,2026-06-05
60,2,Procurement Request Created,User,247,2025-03-28
61,3,User Account Updated,User,221,2025-04-18
62,2,Contract Created,Vendor,69,2024-08-11
63,1,Contract Created,ProcurementRequest,198,2024-10-21
64,1,Purchase Order Created,ProcurementRequest,881,2025-11-21
65,4,User Account Updated,Vendor,825,2025-03-23
66,6,Contract Created,PurchaseOrder,424,2024-05-07
67,1,Vendor Rejected,User,294,2025-04-17
68,4,Vendor Updated,Vendor,456,2024-07-28
69,3,Procurement Request Approved,Invoice,494,2026-06-26
70,2,User Account Updated,ProcurementRequest,320,2024-05-03
71,3,Compliance Review Completed,ProcurementRequest,955,2024-12-23
72,4,Compliance Review Completed,ProcurementRequest,463,2026-07-13
73,2,Vendor Rejected,User,101,2026-03-08
74,4,Contract Created,Invoice,335,2025-08-29
75,2,Procurement Request Created,Contract,237,2025-04-29
76,6,User Account Updated,Vendor,15,2025-07-12
77,6,Contract Created,Invoice,275,2024-08-16
78,5,Purchase Order Created,Vendor,128,2024-11-01
79,5,Invoice Reviewed,ProcurementRequest,486,2025-06-03
80,6,Vendor Rejected,Contract,383,2026-07-12
81,4,Vendor Approved,Invoice,543,2024-02-18
82,6,Reliability Score Calculated,ProcurementRequest,919,2024-03-11
83,5,Invoice Reviewed,Invoice,39,2026-02-08
84,6,Vendor Updated,ProcurementRequest,292,2026-08-28
85,4,Reliability Score Calculated,User,190,2025-07-23
86,5,Reliability Score Calculated,PurchaseOrder,443,2024-03-08
87,4,Purchase Order Created,ProcurementRequest,710,2025-01-21
88,1,Reliability Score Calculated,Invoice,469,2024-08-10
89,4,Compliance Review Completed,PurchaseOrder,81,2024-09-25
90,5,Purchase Order Created,User,96,2025-06-12
91,1,Purchase Order Created,Contract,933,2024-05-16
92,2,Contract Updated,User,207,2025-06-16
93,6,Vendor Approved,ProcurementRequest,348,2024-01-07
94,6,Purchase Order Created,Vendor,795,2026-07-08
95,6,Contract Created,Reliability,757,2024-08-23
96,3,Contract Updated,Vendor,671,2024-03-23
97,4,Purchase Order Approved,Contract,423,2024-09-18
98,5,Vendor Updated,User,489,2024-07-21
99,5,User Account Updated,Contract,569,2026-04-09
100,1,Purchase Order Created,PurchaseOrder,949,2026-01-15
101,4,Invoice Reviewed,PurchaseOrder,910,2025-12-16
102,2,Invoice Reviewed,Contract,830,2025-12-13
103,5,Vendor Rejected,Invoice,77,2025-01-07
104,3,Purchase Order Created,User,594,2024-07-08
105,3,User Account Updated,Invoice,548,2024-09-12
106,1,Vendor Updated,Vendor,205,2025-02-11
107,4,Vendor Rejected,Contract,53,2025-10-29
108,2,Purchase Order Created,Invoice,319,2024-03-15
109,6,Procurement Request Approved,Reliability,534,2025-04-10
110,4,Vendor Approved,PurchaseOrder,524,2025-05-19
111,3,Contract Updated,Vendor,484,2024-06-12
112,4,User Account Updated,User,257,2025-06-27
113,5,Vendor Rejected,Vendor,347,2025-12-12
114,1,Purchase Order Created,Invoice,91,2025-03-03
115,4,Contract Created,Vendor,178,2025-06-27
116,5,Invoice Reviewed,PurchaseOrder,455,2025-09-16
117,6,Purchase Order Created,Invoice,664,2025-07-07
118,3,Invoice Reviewed,Invoice,229,2026-08-22
119,1,Reliability Score Calculated,Invoice,915,2024-06-07
120,2,Reliability Score Calculated,Contract,662,2025-06-13
121,1,Purchase Order Approved,Contract,586,2024-12-22
122,2,Contract Updated,ProcurementRequest,251,2026-04-27
123,4,Contract Updated,Invoice,747,2024-06-01
124,2,Reliability Score Calculated,PurchaseOrder,44,2025-03-25
125,2,Invoice Reviewed,ProcurementRequest,834,2025-06-07
126,4,Vendor Rejected,Reliability,696,2024-03-28
127,3,Procurement Request Created,Reliability,911,2025-11-19
128,2,Purchase Order Created,Vendor,838,2025-12-12
129,4,Procurement Request Approved,Invoice,31,2024-03-07
130,6,Contract Updated,ProcurementRequest,395,2025-05-18
131,1,Vendor Rejected,ProcurementRequest,721,2024-03-20
132,2,Contract Created,Vendor,262,2024-10-28
133,4,Vendor Rejected,Reliability,163,2024-02-08
134,5,Purchase Order Created,Reliability,430,2024-05-11
135,3,Contract Created,Contract,315,2025-05-30
136,3,Procurement Request Created,PurchaseOrder,220,2026-04-15
137,4,Contract Created,User,999,2025-07-23
138,4,User Account Updated,Vendor,492,2026-08-06
139,2,Reliability Score Calculated,Reliability,134,2026-03-27
140,4,Procurement Request Approved,Contract,26,2025-12-21
141,4,Reliability Score Calculated,PurchaseOrder,626,2026-06-16
142,6,Invoice Reviewed,ProcurementRequest,656,2024-03-08
143,6,Purchase Order Created,Contract,571,2025-08-05
144,5,Vendor Approved,Contract,369,2026-03-02
145,4,Purchase Order Approved,Vendor,715,2025-02-26
146,5,Contract Created,ProcurementRequest,660,2024-08-12
147,4,Procurement Request Created,User,250,2025-11-22
148,2,Procurement Request Approved,User,855,2026-05-02
149,3,Procurement Request Created,Reliability,88,2026-07-16
150,5,Purchase Order Approved,ProcurementRequest,227,2024-12-16
151,4,Procurement Request Approved,Contract,732,2025-05-22
152,5,Purchase Order Updated,Invoice,142,2025-12-05
153,5,Purchase Order Approved,ProcurementRequest,518,2024-08-27
154,4,Vendor Rejected,Invoice,997,2025-11-28
155,5,User Account Updated,PurchaseOrder,451,2024-10-25
156,3,Contract Created,Invoice,926,2024-06-19
157,2,Reliability Score Calculated,Invoice,908,2025-01-21
158,1,Purchase Order Approved,PurchaseOrder,276,2024-09-30
159,3,Vendor Approved,PurchaseOrder,360,2026-05-02
160,4,Procurement Request Approved,User,64,2024-06-08
161,1,Procurement Request Approved,Reliability,530,2024-06-26
162,5,Purchase Order Updated,Reliability,983,2025-08-24
163,5,Contract Created,Vendor,936,2025-02-11
164,1,User Account Updated,Vendor,986,2024-08-27
165,4,User Account Updated,Contract,214,2026-02-21
166,2,Contract Updated,ProcurementRequest,3,2024-08-16
167,5,Compliance Review Completed,User,980,2024-02-01
168,3,Purchase Order Created,Contract,262,2024-04-02
169,6,Vendor Updated,Contract,626,2026-07-02
170,5,Vendor Approved,Invoice,749,2025-01-19
171,3,Purchase Order Updated,Reliability,124,2024-01-16
172,5,Procurement Request Created,Reliability,874,2024-04-14
173,5,Compliance Review Completed,Invoice,474,2026-07-28
174,1,Compliance Review Completed,Contract,869,2026-01-12
175,6,Contract Created,PurchaseOrder,640,2026-03-20
176,2,Invoice Reviewed,Vendor,241,2024-05-10
177,5,Purchase Order Approved,Vendor,171,2025-11-23
178,4,Reliability Score Calculated,ProcurementRequest,603,2024-10-24
179,2,Purchase Order Updated,Vendor,68,2026-06-27
180,4,Purchase Order Updated,Contract,374,2025-01-08
181,3,Procurement Request Approved,ProcurementRequest,534,2025-01-22
182,2,Invoice Reviewed,PurchaseOrder,569,2024-03-13
183,1,Invoice Reviewed,User,508,2025-11-16
184,6,Reliability Score Calculated,Vendor,804,2024-12-15
185,4,Vendor Approved,Reliability,911,2024-12-11
186,3,Procurement Request Approved,PurchaseOrder,536,2026-01-04
187,6,Reliability Score Calculated,Reliability,291,2024-04-28
188,1,Contract Updated,Contract,7,2026-03-08
189,1,User Account Updated,Contract,951,2025-01-23
190,1,Procurement Request Created,Reliability,691,2026-06-01
191,1,Invoice Reviewed,ProcurementRequest,199,2024-03-22
192,4,Procurement Request Created,Contract,22,2026-04-03
193,6,Vendor Updated,ProcurementRequest,299,2025-12-11
194,3,Procurement Request Created,Invoice,475,2025-12-20
195,5,Vendor Rejected,Invoice,87,2024-10-27
196,2,Purchase Order Created,Reliability,708,2026-07-06
197,4,Compliance Review Completed,Invoice,999,2025-04-07
198,3,Procurement Request Approved,ProcurementRequest,868,2026-03-22
199,3,Purchase Order Approved,Contract,805,2024-01-18
200,4,Contract Created,PurchaseOrder,275,2026-03-04
201,2,Procurement Request Created,Vendor,382,2024-07-18
202,2,Compliance Review Completed,Invoice,560,2024-06-10
203,6,Purchase Order Approved,Invoice,722,2025-08-25
204,4,Contract Updated,Contract,387,2026-01-13
205,1,Contract Created,User,801,2026-05-25
206,6,Compliance Review Completed,User,119,2025-06-10
207,4,Reliability Score Calculated,ProcurementRequest,530,2025-07-23
208,1,Purchase Order Approved,Vendor,297,2025-10-16
209,1,Purchase Order Created,Contract,229,2026-08-18
210,3,Contract Created,Contract,267,2024-12-07
211,1,Vendor Updated,Reliability,761,2025-02-03
212,1,Contract Updated,PurchaseOrder,888,2025-04-05
213,5,Vendor Approved,Reliability,169,2024-06-10
214,6,User Account Updated,Invoice,214,2026-06-19
215,1,Contract Updated,User,705,2024-10-25
216,3,Purchase Order Created,Vendor,703,2024-06-16
217,1,Reliability Score Calculated,PurchaseOrder,282,2026-05-20
218,6,Purchase Order Updated,ProcurementRequest,852,2025-03-26
219,5,Contract Updated,Invoice,32,2026-07-30
220,1,Procurement Request Approved,PurchaseOrder,351,2025-02-14
221,4,Reliability Score Calculated,Reliability,874,2026-02-12
222,5,Procurement Request Approved,PurchaseOrder,962,2024-09-12
223,1,Procurement Request Created,User,215,2026-08-21
224,4,Purchase Order Updated,Contract,885,2025-06-23
225,2,Procurement Request Approved,User,76,2025-10-24
226,6,Purchase Order Updated,Vendor,989,2026-03-17
227,1,Purchase Order Approved,Vendor,242,2025-02-12
228,4,Procurement Request Approved,Contract,978,2025-01-23
229,4,Contract Updated,ProcurementRequest,824,2025-08-16
230,6,User Account Updated,User,207,2026-01-31
231,2,User Account Updated,PurchaseOrder,278,2026-06-10
232,5,Procurement Request Created,Contract,224,2025-04-24
233,1,Contract Updated,Contract,483,2024-11-17
234,3,Reliability Score Calculated,Contract,597,2024-05-01
235,2,Vendor Approved,Reliability,620,2024-11-09
236,3,Purchase Order Approved,User,25,2026-08-02
237,2,Contract Created,User,640,2026-06-23
238,6,Purchase Order Approved,ProcurementRequest,209,2025-07-27
239,6,Contract Created,PurchaseOrder,387,2026-05-10
240,5,Procurement Request Approved,Contract,586,2024-10-12
241,1,Purchase Order Created,User,398,2025-01-31
242,4,Purchase Order Approved,Reliability,560,2025-06-17
243,4,Compliance Review Completed,Invoice,619,2025-08-20
244,4,Contract Updated,Reliability,9,2025-06-15
245,4,Contract Created,Contract,238,2025-08-01
246,1,Purchase Order Approved,Vendor,553,2025-12-10
247,2,Purchase Order Updated,Invoice,40,2026-02-02
248,6,Contract Updated,ProcurementRequest,625,2024-02-24
249,6,Purchase Order Approved,Reliability,299,2024-09-23
250,4,Purchase Order Approved,PurchaseOrder,470,2024-02-24
251,4,Vendor Updated,ProcurementRequest,308,2024-10-06
252,3,User Account Updated,PurchaseOrder,492,2025-07-28
253,4,Vendor Rejected,Vendor,617,2024-12-08
254,3,Procurement Request Approved,Reliability,665,2024-06-16
255,5,Procurement Request Approved,ProcurementRequest,927,2024-02-26
256,4,Purchase Order Updated,Vendor,894,2025-09-20
257,2,Contract Updated,Vendor,954,2024-09-15
258,4,Reliability Score Calculated,Vendor,245,2025-04-04
259,5,Vendor Updated,Invoice,964,2026-06-22
260,1,Purchase Order Created,ProcurementRequest,424,2025-06-19
261,5,Contract Updated,User,118,2025-11-23
262,1,Contract Created,User,663,2025-01-16
263,5,Procurement Request Approved,Contract,471,2024-01-01
264,6,Procurement Request Approved,ProcurementRequest,31,2024-04-18
265,2,Contract Updated,User,689,2025-10-01
266,2,Compliance Review Completed,Reliability,616,2025-10-04
267,2,Purchase Order Updated,Contract,992,2026-08-29
268,4,Compliance Review Completed,Invoice,953,2025-05-04
269,6,Reliability Score Calculated,ProcurementRequest,792,2025-11-23
270,4,Compliance Review Completed,PurchaseOrder,95,2026-02-20
271,4,Reliability Score Calculated,Contract,69,2025-06-15
272,4,Vendor Updated,Contract,417,2026-01-18
273,4,User Account Updated,Reliability,872,2025-06-24
274,4,Vendor Rejected,Contract,924,2024-08-26
275,2,Reliability Score Calculated,Invoice,402,2024-07-31
276,5,Vendor Rejected,PurchaseOrder,11,2026-08-18
277,2,Vendor Updated,User,819,2025-02-23
278,2,Purchase Order Approved,User,839,2025-09-21
279,5,Procurement Request Created,ProcurementRequest,28,2025-09-16
280,3,Procurement Request Created,Contract,376,2026-04-08
281,3,Contract Updated,Contract,464,2024-02-01
282,3,Purchase Order Created,Contract,305,2024-10-02
283,2,Compliance Review Completed,ProcurementRequest,989,2025-07-30
284,6,Purchase Order Updated,ProcurementRequest,106,2024-05-15
285,1,Invoice Reviewed,Contract,390,2024-06-23
286,1,Contract Created,User,33,2026-05-18
287,1,User Account Updated,PurchaseOrder,885,2025-06-27
288,5,Purchase Order Created,ProcurementRequest,940,2025-06-03
289,2,Contract Created,Vendor,940,2024-01-25
290,6,Contract Updated,PurchaseOrder,843,2024-01-20
291,3,Purchase Order Created,Reliability,395,2024-11-25
292,1,Purchase Order Approved,User,364,2025-02-12
293,5,Procurement Request Created,Invoice,429,2025-09-05
294,1,Vendor Approved,Vendor,616,2024-06-22
295,2,Purchase Order Created,Vendor,805,2026-07-16
296,3,Vendor Updated,Reliability,308,2024-01-15
297,3,Vendor Rejected,ProcurementRequest,653,2025-04-12
298,3,Contract Created,User,274,2025-12-12
299,2,Procurement Request Approved,Contract,530,2025-03-03
300,1,Invoice Reviewed,Reliability,179,2025-05-06
301,4,Compliance Review Completed,User,978,2026-05-12
302,5,User Account Updated,Reliability,203,2026-04-03
303,2,Purchase Order Created,PurchaseOrder,849,2024-12-02
304,4,Compliance Review Completed,Invoice,319,2026-07-15
305,2,Vendor Approved,Vendor,565,2024-10-01
306,3,Reliability Score Calculated,ProcurementRequest,459,2025-02-07
307,4,Vendor Rejected,Contract,890,2026-04-26
308,6,Invoice Reviewed,PurchaseOrder,906,2025-08-12
309,6,Reliability Score Calculated,ProcurementRequest,55,2026-01-18
310,4,Purchase Order Approved,Vendor,15,2024-08-06
311,1,Contract Created,ProcurementRequest,65,2025-10-13
312,6,Procurement Request Approved,PurchaseOrder,685,2024-07-03
313,6,Procurement Request Created,ProcurementRequest,847,2024-05-23
314,2,Purchase Order Approved,User,439,2025-01-13
315,6,Purchase Order Updated,ProcurementRequest,440,2026-02-04
316,1,Vendor Updated,Reliability,675,2026-03-30
317,1,Purchase Order Created,Reliability,778,2025-07-08
318,3,User Account Updated,Contract,466,2025-11-22
319,2,Procurement Request Created,ProcurementRequest,310,2025-11-22
320,1,Vendor Rejected,Reliability,617,2026-08-24
321,5,Contract Updated,PurchaseOrder,723,2025-06-06
322,5,Vendor Rejected,ProcurementRequest,696,2024-08-03
323,3,Purchase Order Created,ProcurementRequest,898,2026-04-14
324,6,Purchase Order Approved,Reliability,185,2024-12-17
325,6,User Account Updated,Reliability,441,2024-05-08
326,5,Invoice Reviewed,Reliability,433,2026-04-05
327,6,Invoice Reviewed,Vendor,509,2025-12-11
328,5,Vendor Rejected,Reliability,777,2024-09-11
329,5,Purchase Order Approved,User,466,2026-03-25
330,3,Compliance Review Completed,Vendor,251,2026-01-26
331,3,Reliability Score Calculated,Vendor,475,2025-11-19
332,3,Contract Updated,Vendor,516,2026-06-09
333,6,Purchase Order Updated,Vendor,384,2025-12-16
334,5,Vendor Updated,User,267,2024-02-23
335,3,Invoice Reviewed,ProcurementRequest,788,2024-10-02
336,4,User Account Updated,ProcurementRequest,80,2024-05-14
337,1,Procurement Request Created,Invoice,24,2025-11-08
338,6,Invoice Reviewed,Contract,112,2024-04-08
339,5,Reliability Score Calculated,User,358,2026-02-28
340,5,Procurement Request Approved,PurchaseOrder,655,2025-03-26
341,2,Purchase Order Updated,PurchaseOrder,810,2024-01-02
342,2,Vendor Rejected,ProcurementRequest,548,2024-10-06
343,4,Purchase Order Approved,PurchaseOrder,990,2026-02-21
344,5,Reliability Score Calculated,ProcurementRequest,278,2026-07-02
345,2,Contract Created,Vendor,705,2024-11-24
346,3,Invoice Reviewed,Vendor,63,2025-08-21
347,2,Reliability Score Calculated,User,773,2024-08-03
348,1,Contract Updated,ProcurementRequest,957,2026-08-05
349,1,Procurement Request Approved,Invoice,509,2024-09-05
350,1,Compliance Review Completed,ProcurementRequest,701,2024-07-12
351,5,Vendor Approved,Reliability,39,2024-09-02
352,3,Invoice Reviewed,User,782,2025-10-09
353,2,Vendor Updated,User,638,2024-06-11
354,4,Vendor Updated,Vendor,916,2024-12-04
355,6,Purchase Order Updated,Reliability,727,2025-01-11
356,6,Purchase Order Updated,User,392,2026-04-18
357,2,Contract Created,ProcurementRequest,622,2025-05-24
358,3,Procurement Request Created,Reliability,354,2026-01-20
359,4,Contract Created,User,225,2026-05-04
360,2,Contract Updated,PurchaseOrder,617,2025-08-17
361,3,Purchase Order Created,Vendor,31,2025-08-15
362,6,Purchase Order Updated,Vendor,995,2025-07-06
363,5,Contract Created,ProcurementRequest,781,2025-03-31
364,5,Procurement Request Approved,Invoice,944,2024-07-10
365,5,Compliance Review Completed,Vendor,696,2026-05-16
366,5,Purchase Order Updated,Contract,185,2026-01-13
367,5,Purchase Order Created,Invoice,457,2025-06-14
368,2,Vendor Approved,User,875,2024-03-13
369,5,Contract Updated,Invoice,443,2026-04-13
370,3,Invoice Reviewed,User,603,2026-05-27
371,6,Contract Created,ProcurementRequest,414,2026-02-13
372,6,User Account Updated,User,19,2026-05-02
373,4,Reliability Score Calculated,ProcurementRequest,350,2026-06-08
374,4,Vendor Updated,User,328,2025-11-26
375,6,Procurement Request Created,User,479,2024-01-04
376,2,Vendor Updated,Contract,102,2026-08-19
377,5,Reliability Score Calculated,User,520,2025-04-02
378,3,Contract Created,Contract,843,2024-12-02
379,1,Reliability Score Calculated,Invoice,566,2026-06-10
380,1,Invoice Reviewed,PurchaseOrder,36,2025-05-12
381,3,Invoice Reviewed,PurchaseOrder,47,2024-09-15
382,4,Reliability Score Calculated,Invoice,934,2024-02-18
383,4,Purchase Order Approved,PurchaseOrder,595,2024-01-22
384,6,Procurement Request Created,Reliability,266,2026-07-30
385,5,Purchase Order Approved,Contract,507,2024-07-13
386,5,Vendor Updated,Vendor,153,2024-11-01
387,6,Reliability Score Calculated,ProcurementRequest,845,2026-07-06
388,3,Vendor Approved,User,490,2024-08-29
389,6,Vendor Rejected,Invoice,496,2024-03-23
390,5,Invoice Reviewed,Invoice,767,2025-11-19
391,1,Vendor Rejected,Vendor,186,2024-02-29
392,2,Reliability Score Calculated,Contract,501,2026-07-20
393,2,Contract Updated,User,994,2025-10-26
394,1,User Account Updated,Contract,634,2026-04-04
395,6,Purchase Order Approved,PurchaseOrder,915,2025-03-19
396,1,Invoice Reviewed,Reliability,402,2025-03-01
397,6,Procurement Request Created,ProcurementRequest,496,2024-03-08
398,1,Procurement Request Approved,User,587,2024-08-13
399,3,Vendor Updated,Contract,350,2025-03-06
400,3,Vendor Updated,User,725,2024-01-26
401,5,Purchase Order Created,Vendor,977,2025-12-02
402,2,Vendor Approved,User,6,2024-03-18
403,6,Procurement Request Created,Vendor,651,2026-06-05
404,5,Purchase Order Created,PurchaseOrder,93,2024-12-04
405,2,Contract Updated,Vendor,61,2026-05-09
406,4,Purchase Order Approved,Vendor,827,2026-01-26
407,4,Procurement Request Created,User,713,2024-10-01
408,2,Vendor Approved,Invoice,387,2024-01-25
409,3,Vendor Updated,Invoice,878,2025-11-10
410,2,Vendor Rejected,Contract,503,2024-05-23
411,2,Vendor Updated,Reliability,308,2025-01-26
412,6,Purchase Order Approved,ProcurementRequest,486,2024-04-28
413,1,Procurement Request Created,Vendor,810,2025-02-06
414,1,Procurement Request Created,Contract,983,2025-10-21
415,2,Procurement Request Approved,Contract,542,2025-06-28
416,5,Vendor Updated,Vendor,262,2024-05-05
417,5,Vendor Rejected,Vendor,62,2025-04-15
418,2,Reliability Score Calculated,Invoice,27,2025-05-30
419,6,Purchase Order Approved,Contract,636,2026-04-09
420,5,User Account Updated,Vendor,744,2024-04-17
421,6,Vendor Rejected,Contract,63,2026-01-22
422,3,Reliability Score Calculated,Contract,278,2025-04-21
423,6,Compliance Review Completed,User,439,2026-01-27
424,3,Contract Created,User,380,2025-04-10
425,3,Procurement Request Approved,Invoice,22,2026-06-26
426,2,Reliability Score Calculated,User,231,2025-02-12
427,6,Procurement Request Approved,Reliability,746,2024-11-23
428,6,Contract Updated,Reliability,746,2026-08-01
429,3,Reliability Score Calculated,Contract,955,2025-09-09
430,1,Compliance Review Completed,Vendor,838,2025-08-20
431,5,User Account Updated,Invoice,598,2026-05-08
432,6,Purchase Order Created,User,845,2026-08-22
433,4,Contract Created,ProcurementRequest,553,2026-01-03
434,4,Purchase Order Updated,PurchaseOrder,223,2026-02-28
435,1,Contract Created,Vendor,296,2024-11-19
436,2,Purchase Order Created,ProcurementRequest,899,2024-08-05
437,1,Purchase Order Approved,Invoice,838,2025-07-11
438,2,Vendor Approved,Reliability,475,2026-05-19
439,1,Vendor Approved,Vendor,158,2025-02-06
440,4,Purchase Order Updated,ProcurementRequest,269,2025-04-02
441,3,Purchase Order Created,Reliability,726,2026-03-05
442,5,Procurement Request Created,Reliability,298,2026-03-19
443,6,Vendor Rejected,Contract,216,2025-06-25
444,2,Purchase Order Updated,Vendor,107,2025-04-27
445,2,Compliance Review Completed,User,208,2024-02-23
446,2,Compliance Review Completed,Reliability,358,2025-06-03
447,2,Vendor Rejected,Contract,821,2024-06-28
448,4,Purchase Order Created,User,255,2026-06-05
449,1,Contract Created,Reliability,929,2024-02-24
450,6,Purchase Order Approved,Invoice,956,2026-05-13
451,6,Invoice Reviewed,Vendor,549,2026-06-29
452,6,Contract Created,User,440,2026-06-20
453,6,Vendor Rejected,Vendor,171,2026-03-01
454,3,Contract Created,Vendor,310,2024-11-07
455,6,Purchase Order Created,Vendor,408,2024-11-22
456,6,Compliance Review Completed,Reliability,476,2026-08-02
457,4,Vendor Updated,Vendor,103,2024-05-16
458,4,Vendor Rejected,User,415,2025-06-12
459,1,Vendor Approved,Invoice,544,2026-07-10
460,1,Compliance Review Completed,User,894,2025-04-09
461,4,Procurement Request Created,PurchaseOrder,935,2025-01-11
462,2,Vendor Rejected,ProcurementRequest,156,2026-08-12
463,4,Procurement Request Approved,PurchaseOrder,848,2025-10-31
464,4,Vendor Rejected,Vendor,13,2025-04-07
465,1,Procurement Request Created,Invoice,421,2025-06-22
466,6,Procurement Request Created,ProcurementRequest,430,2026-01-25
467,3,Vendor Rejected,ProcurementRequest,485,2026-06-26
468,2,Purchase Order Updated,Reliability,622,2026-05-10
469,3,Procurement Request Created,Invoice,583,2024-12-09
470,2,Invoice Reviewed,Contract,299,2024-07-09
471,3,Vendor Updated,ProcurementRequest,471,2025-03-30
472,4,Contract Created,Invoice,855,2025-08-06
473,6,User Account Updated,Contract,735,2025-05-08
474,2,Invoice Reviewed,Reliability,587,2025-01-17
475,1,Procurement Request Created,User,923,2025-01-30
476,1,Purchase Order Created,User,165,2025-11-15
477,6,Purchase Order Created,User,492,2026-01-27
478,1,Vendor Rejected,ProcurementRequest,693,2026-01-11
479,1,Contract Updated,ProcurementRequest,730,2025-10-23
480,1,Invoice Reviewed,Contract,816,2025-10-23
481,1,Purchase Order Updated,User,787,2024-04-09
482,5,Contract Updated,Contract,746,2025-11-14
483,6,User Account Updated,PurchaseOrder,145,2024-08-16
484,1,Invoice Reviewed,ProcurementRequest,500,2026-07-21
485,4,Vendor Updated,ProcurementRequest,735,2025-08-28
486,4,Vendor Rejected,User,94,2025-01-05
487,6,Invoice Reviewed,Invoice,723,2024-12-18
488,6,Invoice Reviewed,User,880,2024-08-23
489,2,Reliability Score Calculated,Reliability,518,2026-03-03
490,3,Vendor Rejected,Contract,129,2026-08-04
491,6,Compliance Review Completed,Invoice,700,2026-07-19
492,1,Procurement Request Created,PurchaseOrder,561,2026-01-22
493,5,Vendor Rejected,ProcurementRequest,737,2025-12-13
494,6,Procurement Request Created,Contract,55,2025-11-08
495,2,Vendor Approved,Invoice,548,2024-02-29
496,3,Vendor Rejected,User,535,2024-08-08
497,3,Purchase Order Created,ProcurementRequest,836,2025-08-04
498,2,Procurement Request Created,PurchaseOrder,330,2025-03-21
499,5,Vendor Approved,User,956,2025-06-18
500,4,Procurement Request Approved,Invoice,645,2026-07-30
501,2,Purchase Order Approved,Contract,149,2024-10-28
502,6,Purchase Order Approved,Vendor,721,2025-03-10
503,4,Procurement Request Created,PurchaseOrder,97,2026-03-30
504,5,Procurement Request Approved,User,298,2024-09-04
505,1,Contract Updated,Contract,293,2025-05-26
506,3,Vendor Updated,Invoice,656,2024-07-24
507,2,Procurement Request Created,Invoice,242,2026-01-16
508,3,Contract Created,Contract,25,2025-09-10
509,6,Invoice Reviewed,PurchaseOrder,598,2026-05-18
510,3,Vendor Rejected,Contract,689,2024-06-21
511,5,User Account Updated,Invoice,42,2025-07-23
512,3,Purchase Order Updated,ProcurementRequest,539,2026-03-19
513,2,Procurement Request Created,PurchaseOrder,449,2025-05-03
514,2,Purchase Order Created,Vendor,883,2026-08-04
515,2,Purchase Order Updated,Invoice,99,2024-05-13
516,6,Reliability Score Calculated,Reliability,574,2026-07-22
517,4,Procurement Request Created,Contract,229,2024-09-29
518,1,Purchase Order Approved,Reliability,107,2025-09-29
519,4,Compliance Review Completed,User,259,2024-09-24
520,4,Procurement Request Created,ProcurementRequest,733,2024-07-05
521,2,Purchase Order Approved,Contract,866,2025-09-17
522,4,Contract Created,Reliability,340,2026-08-20
523,1,Procurement Request Created,Invoice,183,2024-03-09
524,4,Purchase Order Updated,Vendor,473,2024-04-16
525,2,Purchase Order Updated,User,673,2024-05-27
526,6,Contract Created,ProcurementRequest,336,2024-09-23
527,6,Procurement Request Approved,Vendor,729,2025-10-03
528,3,Vendor Approved,User,24,2024-12-28
529,4,Purchase Order Approved,User,341,2025-12-27
530,5,Vendor Approved,Contract,426,2025-03-05
531,3,Contract Created,Contract,531,2024-11-01
532,1,Purchase Order Created,Invoice,683,2024-09-12
533,1,Vendor Updated,Contract,447,2024-02-17
534,4,Contract Created,Reliability,241,2024-07-20
535,3,Contract Updated,ProcurementRequest,554,2024-06-29
536,6,Compliance Review Completed,Reliability,131,2026-07-31
537,3,Purchase Order Updated,PurchaseOrder,294,2026-04-25
538,5,Contract Created,Vendor,397,2026-06-12
539,1,Invoice Reviewed,PurchaseOrder,902,2025-01-08
540,2,Purchase Order Approved,Vendor,499,2025-03-10
541,6,Compliance Review Completed,ProcurementRequest,319,2025-02-21
542,1,Reliability Score Calculated,ProcurementRequest,102,2024-04-15
543,6,Reliability Score Calculated,Invoice,672,2024-04-21
544,1,Invoice Reviewed,Vendor,300,2025-11-20
545,4,Compliance Review Completed,PurchaseOrder,582,2025-10-18
546,6,Invoice Reviewed,Vendor,645,2024-06-22
547,5,Contract Created,Reliability,668,2024-08-28
548,3,Contract Created,ProcurementRequest,289,2025-07-27
549,6,Vendor Approved,User,102,2024-05-17
550,4,Procurement Request Approved,Vendor,139,2026-06-26
551,4,Procurement Request Approved,User,108,2026-07-25
552,3,Procurement Request Created,User,514,2024-12-12
553,2,Compliance Review Completed,Reliability,617,2024-01-05
554,5,Vendor Rejected,User,462,2024-10-15
555,3,Procurement Request Approved,Invoice,932,2026-08-24
556,3,Vendor Approved,Invoice,3,2025-11-03
557,2,Vendor Approved,Reliability,822,2026-06-18
558,5,Contract Updated,User,164,2024-06-19
559,5,Invoice Reviewed,Vendor,883,2025-02-16
560,3,Compliance Review Completed,Vendor,620,2025-09-24
561,4,Purchase Order Updated,Invoice,767,2024-10-29
562,1,Vendor Updated,User,579,2024-09-07
563,4,Procurement Request Created,ProcurementRequest,330,2024-05-09
564,4,Invoice Reviewed,ProcurementRequest,569,2025-04-08
565,2,Contract Created,Vendor,952,2024-06-21
566,2,Contract Created,Contract,328,2025-03-05
567,2,Procurement Request Created,Vendor,14,2025-07-21
568,1,Purchase Order Updated,Invoice,557,2024-01-27
569,6,Compliance Review Completed,Vendor,884,2025-06-22
570,5,Contract Created,Vendor,8,2025-12-16
571,2,Vendor Approved,Vendor,341,2026-08-08
572,2,Procurement Request Approved,Invoice,158,2025-07-13
573,4,Compliance Review Completed,Invoice,754,2025-05-05
574,6,Vendor Updated,Reliability,742,2025-11-02
575,6,Vendor Updated,Vendor,931,2026-02-12
576,2,Vendor Approved,Contract,73,2024-03-03
577,5,Vendor Rejected,Reliability,435,2025-08-07
578,6,Vendor Updated,PurchaseOrder,210,2026-06-13
579,6,Contract Updated,Contract,388,2026-08-25
580,6,Procurement Request Created,PurchaseOrder,116,2025-01-10
581,3,Vendor Rejected,ProcurementRequest,872,2025-12-14
582,1,Contract Updated,Invoice,61,2025-04-01
583,1,Compliance Review Completed,Reliability,696,2026-07-05
584,2,Procurement Request Approved,User,138,2025-09-26
585,6,Vendor Updated,Reliability,842,2025-12-12
586,5,Purchase Order Approved,Reliability,842,2026-08-12
587,2,Invoice Reviewed,Invoice,419,2024-08-09
588,3,Contract Created,Reliability,873,2024-08-31
589,3,Contract Updated,PurchaseOrder,721,2026-06-22
590,4,Purchase Order Created,Invoice,597,2026-02-28
591,6,Compliance Review Completed,Invoice,500,2025-10-22
592,6,Purchase Order Approved,Invoice,332,2024-12-25
593,5,Vendor Rejected,Vendor,625,2024-05-24
594,6,Purchase Order Created,PurchaseOrder,369,2025-01-06
595,5,Contract Created,ProcurementRequest,467,2026-05-15
596,2,Contract Created,User,227,2024-09-25
597,4,Invoice Reviewed,PurchaseOrder,664,2025-06-12
598,5,Vendor Rejected,Contract,84,2025-11-09
599,5,Vendor Approved,ProcurementRequest,329,2026-07-21
600,5,Procurement Request Approved,ProcurementRequest,213,2024-01-19
601,6,Invoice Reviewed,PurchaseOrder,602,2025-02-23
602,1,Purchase Order Approved,User,600,2025-09-07
603,6,Reliability Score Calculated,Vendor,809,2026-06-15
604,6,Compliance Review Completed,Reliability,958,2025-09-16
605,3,Vendor Rejected,Contract,480,2025-08-02
606,3,Invoice Reviewed,User,161,2025-10-29
607,1,Vendor Updated,Contract,611,2026-03-10
608,5,Contract Updated,User,749,2025-12-07
609,1,Purchase Order Approved,ProcurementRequest,872,2024-09-26
610,5,Vendor Rejected,Reliability,73,2025-07-29
611,5,Vendor Rejected,Contract,642,2024-06-14
612,5,Purchase Order Approved,ProcurementRequest,802,2025-06-12
613,3,Contract Created,User,496,2024-10-03
614,5,Purchase Order Approved,Vendor,862,2024-02-15
615,5,Compliance Review Completed,PurchaseOrder,431,2024-07-07
616,5,Reliability Score Calculated,Invoice,994,2025-02-11
617,3,User Account Updated,Invoice,861,2024-01-23
618,4,Invoice Reviewed,PurchaseOrder,22,2026-04-28
619,1,Contract Created,User,678,2024-01-24
620,3,Procurement Request Approved,Reliability,22,2024-03-23
621,5,Procurement Request Approved,ProcurementRequest,885,2024-08-03
622,6,Invoice Reviewed,ProcurementRequest,458,2024-11-25
623,6,Vendor Updated,User,930,2025-09-23
624,2,Purchase Order Updated,ProcurementRequest,839,2026-07-15
625,6,Reliability Score Calculated,ProcurementRequest,895,2025-10-13
626,4,Contract Created,Vendor,720,2025-12-05
627,5,Purchase Order Approved,Contract,838,2025-09-06
628,6,Vendor Approved,Vendor,107,2024-12-13
629,6,Invoice Reviewed,Invoice,114,2024-05-10
630,2,Procurement Request Created,Reliability,157,2024-10-06
631,6,Vendor Updated,ProcurementRequest,636,2025-10-23
632,6,Purchase Order Approved,Reliability,496,2025-11-25
633,1,Vendor Approved,PurchaseOrder,997,2026-07-22
634,3,Vendor Rejected,Invoice,710,2024-02-10
635,4,Invoice Reviewed,Contract,926,2024-05-22
636,3,User Account Updated,ProcurementRequest,800,2025-03-11
637,1,Contract Updated,ProcurementRequest,829,2025-04-29
638,6,Procurement Request Approved,PurchaseOrder,858,2024-10-21
639,5,Procurement Request Approved,Contract,296,2025-04-14
640,4,Purchase Order Created,Vendor,967,2025-12-03
641,5,Purchase Order Created,ProcurementRequest,451,2024-05-15
642,6,Contract Created,Invoice,31,2026-08-25
643,5,Vendor Rejected,Reliability,804,2025-11-21
644,1,Vendor Approved,User,708,2026-04-29
645,4,Purchase Order Created,ProcurementRequest,657,2025-04-16
646,3,Invoice Reviewed,Reliability,692,2024-03-23
647,5,Vendor Approved,Reliability,271,2026-06-29
648,2,Vendor Approved,User,158,2024-06-09
649,2,Vendor Approved,ProcurementRequest,800,2026-06-07
650,5,Procurement Request Approved,ProcurementRequest,468,2024-09-12
651,2,Reliability Score Calculated,Reliability,444,2025-07-22
652,6,Reliability Score Calculated,PurchaseOrder,954,2025-05-28
653,4,Procurement Request Created,ProcurementRequest,981,2025-04-05
654,3,User Account Updated,ProcurementRequest,356,2024-05-22
655,3,Contract Created,Contract,571,2024-11-27
656,4,Contract Created,ProcurementRequest,26,2026-01-12
657,4,Reliability Score Calculated,Contract,274,2025-05-27
658,4,Contract Created,PurchaseOrder,674,2025-02-14
659,3,Compliance Review Completed,Invoice,485,2024-04-24
660,2,Vendor Approved,Vendor,56,2024-06-28
661,3,Purchase Order Updated,ProcurementRequest,415,2025-10-18
662,3,Purchase Order Updated,Reliability,256,2024-09-01
663,3,Procurement Request Approved,Invoice,522,2024-12-23
664,2,Contract Updated,ProcurementRequest,651,2025-10-03
665,5,Purchase Order Approved,ProcurementRequest,467,2024-01-07
666,3,Compliance Review Completed,Vendor,706,2025-12-16
667,3,Purchase Order Updated,Vendor,337,2025-11-13
668,6,Procurement Request Created,PurchaseOrder,784,2024-07-19
669,4,Vendor Approved,Contract,618,2026-07-20
670,3,Invoice Reviewed,Vendor,874,2024-03-08
671,5,Vendor Rejected,Invoice,404,2025-10-25
672,1,Purchase Order Created,Invoice,661,2025-03-27
673,3,Invoice Reviewed,Invoice,357,2024-11-29
674,5,Purchase Order Approved,PurchaseOrder,183,2025-08-11
675,5,Vendor Rejected,User,196,2024-09-09
676,6,Vendor Updated,ProcurementRequest,79,2025-09-22
677,6,Contract Updated,Contract,868,2026-06-30
678,4,User Account Updated,Vendor,83,2025-06-16
679,1,Compliance Review Completed,Vendor,731,2025-12-11
680,4,Procurement Request Approved,User,803,2025-04-16
681,3,Compliance Review Completed,PurchaseOrder,389,2024-02-22
682,3,Contract Created,Invoice,996,2024-01-03
683,5,Contract Created,ProcurementRequest,619,2024-06-07
684,4,Vendor Rejected,ProcurementRequest,229,2025-12-01
685,4,Contract Updated,Reliability,278,2025-04-26
686,3,Contract Updated,PurchaseOrder,993,2025-10-13
687,3,Reliability Score Calculated,Contract,400,2025-12-14
688,5,Contract Created,Invoice,218,2026-01-02
689,5,Procurement Request Created,Vendor,401,2025-10-09
690,6,Vendor Rejected,User,945,2025-06-23
691,6,Procurement Request Approved,Reliability,471,2025-01-27
692,3,User Account Updated,ProcurementRequest,537,2025-11-21
693,1,Contract Created,ProcurementRequest,194,2024-03-24
694,5,Procurement Request Created,User,326,2024-06-15
695,6,Vendor Rejected,User,458,2026-05-07
696,5,User Account Updated,Vendor,656,2026-03-18
697,1,Compliance Review Completed,ProcurementRequest,199,2025-11-10
698,1,Vendor Updated,Contract,21,2025-01-14
699,3,User Account Updated,Reliability,502,2024-11-02
700,1,Vendor Updated,User,819,2025-06-28
701,3,Purchase Order Updated,Invoice,377,2025-07-04
702,4,Procurement Request Created,Invoice,329,2025-01-18
703,5,Compliance Review Completed,Reliability,97,2025-10-17
704,2,Procurement Request Created,Invoice,93,2024-08-20
705,1,Procurement Request Approved,Invoice,248,2025-04-06
706,2,Vendor Rejected,Reliability,533,2025-12-12
707,6,Purchase Order Created,ProcurementRequest,596,2026-07-29
708,3,Vendor Rejected,PurchaseOrder,755,2024-08-29
709,6,Purchase Order Approved,ProcurementRequest,597,2026-01-04
710,2,Purchase Order Created,PurchaseOrder,831,2025-01-13
711,6,Contract Created,Vendor,988,2026-02-06
712,2,Purchase Order Approved,ProcurementRequest,327,2026-05-06
713,4,Vendor Rejected,Vendor,785,2025-01-27
714,2,Reliability Score Calculated,User,477,2024-10-03
715,2,Purchase Order Updated,Vendor,933,2026-03-13
716,3,Contract Updated,PurchaseOrder,527,2026-04-21
717,4,Purchase Order Created,PurchaseOrder,508,2025-12-18
718,1,Vendor Updated,PurchaseOrder,103,2025-04-20
719,3,Invoice Reviewed,Vendor,133,2025-06-21
720,6,Vendor Rejected,Vendor,986,2025-01-24
721,1,Reliability Score Calculated,User,874,2025-05-11
722,4,Purchase Order Created,Reliability,304,2024-10-07
723,2,Purchase Order Created,ProcurementRequest,697,2025-03-01
724,1,Vendor Updated,User,990,2026-06-26
725,6,Procurement Request Created,PurchaseOrder,252,2026-01-11
726,3,Procurement Request Created,ProcurementRequest,76,2025-12-28
727,4,Invoice Reviewed,PurchaseOrder,607,2026-04-04
728,5,Invoice Reviewed,Contract,39,2026-04-11
729,2,Purchase Order Updated,PurchaseOrder,97,2025-01-03
730,6,User Account Updated,Vendor,276,2025-11-25
731,6,User Account Updated,PurchaseOrder,970,2024-12-25
732,1,Procurement Request Approved,PurchaseOrder,666,2024-07-21
733,6,Procurement Request Created,Invoice,375,2024-02-14
734,3,User Account Updated,User,814,2025-11-05
735,3,Contract Created,ProcurementRequest,174,2025-02-01
736,1,Invoice Reviewed,Reliability,146,2026-04-21
737,6,Purchase Order Created,ProcurementRequest,295,2025-11-01
738,4,Vendor Updated,PurchaseOrder,263,2024-02-06
739,3,User Account Updated,ProcurementRequest,823,2026-04-12
740,2,Vendor Approved,Reliability,416,2026-07-05
741,1,Vendor Rejected,PurchaseOrder,628,2024-01-18
742,1,Purchase Order Approved,ProcurementRequest,672,2025-06-27
743,5,Vendor Updated,Contract,373,2026-05-15
744,6,Vendor Updated,PurchaseOrder,275,2024-02-22
745,5,Procurement Request Approved,Vendor,771,2025-01-18
746,4,Contract Created,Reliability,925,2025-11-11
747,2,Purchase Order Created,ProcurementRequest,375,2026-08-30
748,3,Procurement Request Created,PurchaseOrder,522,2025-01-14
749,5,Contract Created,Vendor,539,2026-02-27
750,2,Contract Created,ProcurementRequest,905,2024-08-02
751,5,Contract Updated,Reliability,450,2024-10-31
752,5,Reliability Score Calculated,Contract,594,2025-07-27
753,1,Vendor Approved,Reliability,354,2026-01-03
754,3,Procurement Request Approved,User,983,2024-08-01
755,2,Contract Created,Vendor,472,2025-09-30
756,6,Vendor Updated,Contract,645,2025-02-01
757,1,Contract Updated,User,296,2024-01-11
758,3,Purchase Order Approved,Contract,906,2026-07-19
759,3,Vendor Approved,Vendor,466,2026-04-06
760,3,Vendor Approved,ProcurementRequest,423,2025-11-26
761,4,Purchase Order Updated,Reliability,331,2025-06-12
762,5,Reliability Score Calculated,Invoice,650,2026-02-04
763,1,Invoice Reviewed,Contract,331,2025-07-01
764,4,Compliance Review Completed,Invoice,509,2026-06-05
765,6,User Account Updated,User,137,2024-06-16
766,2,Vendor Updated,ProcurementRequest,187,2024-02-13
767,3,Purchase Order Created,Vendor,63,2025-02-12
768,2,User Account Updated,Vendor,588,2024-04-17
769,1,Compliance Review Completed,Contract,874,2025-07-31
770,4,Compliance Review Completed,Reliability,104,2026-01-26
771,2,Procurement Request Created,Reliability,248,2024-12-14
772,5,Vendor Rejected,Reliability,688,2026-03-27
773,1,Compliance Review Completed,ProcurementRequest,736,2024-05-30
774,1,Compliance Review Completed,PurchaseOrder,561,2025-02-11
775,1,Vendor Updated,Reliability,148,2024-08-09
776,2,Contract Created,Contract,696,2026-05-26
777,1,Purchase Order Approved,Vendor,733,2026-02-28
778,2,Invoice Reviewed,ProcurementRequest,953,2024-12-03
779,3,Vendor Updated,PurchaseOrder,268,2026-01-25
780,5,Vendor Updated,PurchaseOrder,295,2024-09-02
781,1,Vendor Updated,PurchaseOrder,708,2024-05-14
782,6,Vendor Approved,Vendor,28,2024-04-08
783,2,Vendor Updated,Contract,540,2026-08-18
784,5,Vendor Updated,Invoice,676,2025-11-19
785,2,Purchase Order Approved,User,242,2024-12-06
786,1,Invoice Reviewed,Invoice,857,2025-05-15
787,5,Vendor Rejected,User,955,2024-08-26
788,3,Purchase Order Created,Reliability,166,2025-09-10
789,3,Procurement Request Created,Vendor,652,2026-08-21
790,4,Procurement Request Created,PurchaseOrder,603,2024-10-14
791,6,User Account Updated,Invoice,282,2025-02-21
792,6,Procurement Request Approved,Reliability,385,2024-10-19
793,1,Reliability Score Calculated,Invoice,772,2026-07-08
794,5,Compliance Review Completed,Contract,470,2025-08-16
795,3,Purchase Order Created,Contract,71,2026-07-15
796,3,Vendor Approved,Invoice,194,2024-01-01
797,6,Procurement Request Approved,Vendor,612,2024-02-25
798,4,Purchase Order Created,PurchaseOrder,386,2024-02-26
799,2,Procurement Request Approved,PurchaseOrder,932,2024-05-04
800,6,Purchase Order Updated,Contract,482,2026-05-09
801,6,Vendor Updated,Contract,71,2025-05-16
802,6,Reliability Score Calculated,PurchaseOrder,440,2024-07-10
803,5,Vendor Updated,ProcurementRequest,329,2026-04-11
804,5,Invoice Reviewed,Invoice,586,2025-04-26
805,6,Procurement Request Approved,Reliability,466,2024-07-19
806,5,User Account Updated,User,187,2025-12-08
807,3,Purchase Order Created,Invoice,160,2024-03-06
808,3,Procurement Request Created,PurchaseOrder,609,2024-06-12
809,2,Vendor Updated,PurchaseOrder,969,2025-06-26
810,2,Purchase Order Created,Invoice,739,2026-03-16
811,1,Purchase Order Created,Invoice,962,2026-08-08
812,3,Vendor Updated,User,168,2024-08-10
813,3,Contract Updated,Vendor,395,2024-05-28
814,4,Invoice Reviewed,Vendor,790,2025-08-17
815,6,Purchase Order Approved,Reliability,872,2024-02-13
816,6,Invoice Reviewed,Vendor,285,2024-11-02
817,1,Vendor Updated,ProcurementRequest,347,2026-08-04
818,2,Vendor Updated,Invoice,159,2024-09-14
819,3,Procurement Request Created,Contract,692,2024-01-27
820,5,Invoice Reviewed,Reliability,661,2025-08-03
821,2,Contract Updated,User,233,2026-07-15
822,6,Invoice Reviewed,ProcurementRequest,36,2024-10-13
823,4,Vendor Updated,User,989,2025-09-20
824,6,Purchase Order Created,PurchaseOrder,659,2025-04-15
825,3,Vendor Rejected,ProcurementRequest,946,2024-07-20
826,3,Contract Created,Reliability,832,2026-01-14
827,2,Purchase Order Created,User,535,2025-04-02
828,5,Invoice Reviewed,Invoice,374,2026-03-17
829,5,Vendor Rejected,User,928,2026-04-05
830,5,Vendor Approved,ProcurementRequest,249,2026-02-19
831,1,Contract Updated,User,763,2024-10-01
832,3,Contract Created,Contract,371,2025-08-07
833,3,Vendor Approved,Invoice,717,2024-07-08
834,3,Reliability Score Calculated,Contract,133,2024-08-18
835,2,User Account Updated,User,698,2024-07-14
836,1,Vendor Approved,Contract,5,2025-07-26
837,4,Compliance Review Completed,Vendor,571,2025-03-22
838,5,Compliance Review Completed,ProcurementRequest,516,2026-04-25
839,3,Procurement Request Created,User,468,2024-10-18
840,4,User Account Updated,User,772,2024-12-24
841,2,User Account Updated,Invoice,101,2024-10-02
842,5,Purchase Order Created,User,376,2025-10-23
843,4,Compliance Review Completed,ProcurementRequest,43,2025-07-23
844,6,Reliability Score Calculated,Contract,586,2024-05-19
845,6,Compliance Review Completed,PurchaseOrder,470,2026-05-14
846,6,Vendor Approved,User,177,2024-12-06
847,2,Invoice Reviewed,User,378,2026-04-02
848,6,Invoice Reviewed,User,271,2026-07-02
849,6,Vendor Rejected,Reliability,114,2026-02-02
850,6,Vendor Approved,Reliability,896,2025-01-11
851,3,User Account Updated,Contract,183,2025-10-31
852,3,Vendor Rejected,PurchaseOrder,433,2025-11-06
853,4,Procurement Request Approved,Contract,918,2025-10-22
854,5,Vendor Approved,Reliability,663,2026-08-14
855,5,Compliance Review Completed,ProcurementRequest,973,2024-02-20
856,6,Purchase Order Updated,Invoice,412,2024-11-05
857,4,Vendor Approved,PurchaseOrder,206,2025-03-10
858,3,Vendor Updated,Reliability,296,2026-05-12
859,3,Reliability Score Calculated,PurchaseOrder,733,2024-06-08
860,1,Procurement Request Created,ProcurementRequest,278,2026-05-20
861,6,User Account Updated,PurchaseOrder,144,2025-02-21
862,6,Vendor Rejected,ProcurementRequest,226,2024-11-01
863,1,User Account Updated,User,928,2026-07-05
864,2,Procurement Request Approved,Vendor,354,2024-06-01
865,6,Purchase Order Approved,PurchaseOrder,814,2024-05-02
866,1,Contract Updated,Vendor,344,2025-11-23
867,4,Contract Created,PurchaseOrder,667,2026-07-21
868,1,Contract Updated,User,374,2024-09-03
869,6,Vendor Rejected,User,191,2024-06-16
870,3,Vendor Updated,User,881,2026-02-28
871,4,Purchase Order Approved,Invoice,455,2024-10-15
872,4,Contract Created,Contract,64,2025-03-21
873,4,Invoice Reviewed,User,685,2025-01-25
874,3,Purchase Order Approved,PurchaseOrder,519,2025-02-27
875,6,Compliance Review Completed,PurchaseOrder,38,2025-04-22
876,6,User Account Updated,Vendor,472,2025-06-20
877,1,User Account Updated,Vendor,750,2024-03-11
878,6,Vendor Approved,Vendor,139,2024-10-28
879,3,Contract Created,Reliability,10,2025-01-15
880,4,Contract Updated,User,305,2026-08-23
881,2,Vendor Rejected,Vendor,757,2025-06-05
882,4,Purchase Order Approved,User,601,2025-10-30
883,1,Vendor Approved,ProcurementRequest,263,2025-08-21
884,1,Compliance Review Completed,Vendor,674,2026-03-08
885,6,Vendor Approved,Contract,174,2025-12-16
886,2,User Account Updated,Vendor,750,2026-05-10
887,3,Contract Updated,PurchaseOrder,32,2024-10-17
888,5,Contract Updated,PurchaseOrder,17,2025-12-31
889,4,Purchase Order Approved,Vendor,910,2024-09-28
890,1,Vendor Updated,Vendor,61,2025-04-14
891,1,Invoice Reviewed,Reliability,282,2025-12-02
892,2,Vendor Rejected,Vendor,820,2024-12-22
893,3,Reliability Score Calculated,Vendor,223,2024-03-31
894,3,User Account Updated,Invoice,526,2025-04-11
895,5,Purchase Order Updated,Vendor,397,2025-03-01
896,1,Reliability Score Calculated,Contract,456,2026-04-09
897,3,Invoice Reviewed,Vendor,274,2024-04-28
898,3,Contract Created,PurchaseOrder,354,2026-08-17
899,1,Purchase Order Updated,Contract,22,2025-08-03
900,3,Vendor Rejected,ProcurementRequest,737,2024-05-14
901,4,Procurement Request Approved,Vendor,702,2024-06-08
902,1,Purchase Order Updated,Reliability,236,2025-07-06
903,4,Vendor Rejected,Vendor,988,2024-12-08
904,1,Vendor Rejected,Vendor,929,2025-12-27
905,4,Vendor Updated,Reliability,743,2025-04-27
906,1,Purchase Order Approved,PurchaseOrder,770,2025-01-13
907,5,Purchase Order Created,ProcurementRequest,115,2024-02-06
908,4,Vendor Rejected,User,878,2025-03-07
909,3,Vendor Approved,User,261,2025-12-15
910,4,Vendor Updated,ProcurementRequest,357,2024-08-08
911,1,Compliance Review Completed,User,37,2025-05-23
912,2,Procurement Request Approved,Vendor,192,2024-05-29
913,1,Procurement Request Approved,PurchaseOrder,330,2026-01-21
914,1,Contract Created,User,314,2024-11-24
915,6,User Account Updated,PurchaseOrder,308,2026-08-06
916,1,Contract Created,Invoice,448,2026-01-06
917,1,User Account Updated,Invoice,439,2025-11-21
918,5,Vendor Updated,ProcurementRequest,785,2026-08-25
919,2,Compliance Review Completed,PurchaseOrder,418,2024-02-09
920,1,Invoice Reviewed,Vendor,945,2026-08-11
921,5,User Account Updated,User,628,2025-08-11
922,2,Reliability Score Calculated,Vendor,854,2026-06-11
923,5,Vendor Rejected,Reliability,723,2026-05-07
924,3,Reliability Score Calculated,Vendor,27,2026-04-10
925,5,Contract Updated,User,518,2024-04-27
926,2,Compliance Review Completed,User,883,2025-10-01
927,4,User Account Updated,Vendor,811,2025-08-24
928,2,Invoice Reviewed,User,866,2026-03-22
929,6,Vendor Updated,Invoice,534,2025-04-03
930,3,User Account Updated,Vendor,344,2025-12-28
931,5,Compliance Review Completed,ProcurementRequest,638,2024-06-02
932,3,Purchase Order Approved,User,197,2024-11-01
933,6,Purchase Order Updated,Reliability,46,2024-06-01
934,4,Procurement Request Created,ProcurementRequest,661,2024-06-26
935,4,Purchase Order Created,Invoice,960,2025-12-27
936,4,Invoice Reviewed,Invoice,875,2025-02-07
937,4,Purchase Order Approved,Invoice,65,2026-06-18
938,1,Vendor Approved,ProcurementRequest,72,2026-02-23
939,2,Contract Updated,User,748,2024-05-18
940,6,Procurement Request Approved,PurchaseOrder,839,2024-10-04
941,2,Vendor Approved,User,437,2025-05-19
942,4,Procurement Request Approved,Invoice,530,2024-08-27
943,6,Procurement Request Created,Contract,470,2025-06-03
944,1,Vendor Approved,Contract,4,2025-06-06
945,6,Vendor Updated,ProcurementRequest,984,2024-02-25
946,5,Contract Updated,Reliability,229,2025-10-10
947,3,Vendor Rejected,User,712,2026-05-31
948,2,Purchase Order Created,User,781,2024-04-09
949,3,Procurement Request Approved,Invoice,183,2024-02-26
950,5,Vendor Updated,User,255,2026-03-21
951,4,Procurement Request Created,Vendor,849,2025-12-28
952,4,Invoice Reviewed,PurchaseOrder,17,2024-03-25
953,4,Compliance Review Completed,PurchaseOrder,604,2026-04-11
954,3,User Account Updated,Vendor,696,2024-05-23
955,4,Invoice Reviewed,Reliability,895,2025-02-14
956,1,Invoice Reviewed,Invoice,939,2026-06-03
957,4,Contract Updated,Contract,795,2024-04-23
958,1,Compliance Review Completed,Vendor,568,2024-10-04
959,1,Invoice Reviewed,PurchaseOrder,640,2024-01-28
960,6,Contract Updated,PurchaseOrder,675,2025-11-01
961,6,Procurement Request Approved,Contract,920,2025-05-10
962,2,Reliability Score Calculated,Contract,22,2026-03-04
963,5,Procurement Request Created,PurchaseOrder,910,2026-04-03
964,2,Purchase Order Created,Reliability,598,2025-09-01
965,6,Purchase Order Updated,Vendor,401,2025-02-04
966,6,Procurement Request Created,User,506,2025-03-14
967,1,Reliability Score Calculated,User,349,2024-12-28
968,1,Contract Created,User,28,2025-10-26
969,1,Purchase Order Updated,Reliability,944,2024-02-19
970,6,Contract Updated,Vendor,562,2024-08-11
971,1,Procurement Request Created,User,637,2024-07-10
972,3,Vendor Approved,User,727,2025-08-27
973,5,Compliance Review Completed,Vendor,360,2025-01-14
974,4,Purchase Order Approved,ProcurementRequest,820,2024-03-20
975,5,Contract Updated,User,295,2026-03-04
976,1,Compliance Review Completed,PurchaseOrder,268,2024-08-04
977,4,Vendor Rejected,Contract,50,2025-01-15
978,1,User Account Updated,PurchaseOrder,611,2025-10-12
979,5,Contract Updated,Vendor,451,2025-02-12
980,1,Contract Updated,Vendor,781,2025-10-07
981,5,Vendor Rejected,User,920,2026-07-10
982,3,Contract Updated,Invoice,216,2025-02-26
983,4,Contract Created,ProcurementRequest,625,2024-01-15
984,2,Vendor Updated,Reliability,969,2024-04-05
985,4,Procurement Request Approved,ProcurementRequest,578,2026-05-03
986,6,Vendor Rejected,Vendor,786,2025-05-04
987,4,Procurement Request Approved,ProcurementRequest,381,2024-01-24
988,6,Invoice Reviewed,Reliability,42,2024-10-12
989,2,Compliance Review Completed,Contract,348,2025-10-19
990,2,User Account Updated,Reliability,108,2024-12-06
991,4,Purchase Order Updated,User,963,2025-11-11
992,2,Vendor Updated,Invoice,330,2024-02-23
993,6,Contract Created,PurchaseOrder,844,2025-07-26
994,4,Vendor Approved,PurchaseOrder,970,2025-08-20
995,1,Purchase Order Created,Contract,508,2024-10-25
996,5,Procurement Request Created,Contract,871,2025-01-03
997,4,Procurement Request Approved,ProcurementRequest,874,2024-07-27
998,3,Vendor Rejected,ProcurementRequest,255,2024-09-21
999,6,User Account Updated,Contract,292,2024-07-25
1000,5,Vendor Updated,Contract,2,2025-06-14
