id,invoiceNumber,vendorId,poNumber,amount,status,invoiceDate,dueDate,paymentDate
1,INV-2026-000001,15,PO-2026-000001,189674,Pending,2025-07-29,2025-10-18,
2,INV-2026-000002,69,PO-2026-000002,449229,Paid,2025-03-08,2025-06-03,2025-06-03
3,INV-2026-000003,19,PO-2026-000003,356406,Overdue,2024-02-27,2024-05-22,
4,INV-2026-000004,33,PO-2026-000004,445077,Paid,2024-03-04,2024-05-29,2024-05-28
5,INV-2026-000005,70,PO-2026-000005,193052,Paid,2026-04-13,2026-07-12,2026-07-03
6,INV-2026-000006,72,PO-2026-000006,129568,Paid,2025-06-07,2025-07-28,2025-07-16
7,INV-2026-000007,7,PO-2026-000007,205059,Paid,2025-01-31,2025-03-12,2025-03-08
8,INV-2026-000008,2,PO-2026-000008,136775,Paid,2024-07-26,2024-09-01,2024-08-28
9,INV-2026-000009,82,PO-2026-000009,377006,Paid,2025-10-25,2025-12-03,2025-11-20
10,INV-2026-000010,25,PO-2026-000010,240308,Pending,2024-06-30,2024-09-10,
11,INV-2026-000011,66,PO-2026-000011,202760,Paid,2024-02-11,2024-04-14,2024-04-07
12,INV-2026-000012,75,PO-2026-000012,138701,Paid,2024-01-06,2024-03-18,2024-03-03
13,INV-2026-000013,42,PO-2026-000013,31662,Overdue,2026-03-03,2026-04-22,
14,INV-2026-000014,74,PO-2026-000014,192739,Pending,2024-03-15,2024-05-14,
15,INV-2026-000015,9,PO-2026-000015,269839,Paid,2024-06-12,2024-07-28,2024-07-19
16,INV-2026-000016,28,PO-2026-000016,179002,Pending,2024-12-05,2025-01-26,
17,INV-2026-000017,68,PO-2026-000017,299301,Paid,2026-04-23,2026-07-17,2026-07-10
18,INV-2026-000018,83,PO-2026-000018,330651,Pending,2024-09-06,2024-11-22,
19,INV-2026-000019,33,PO-2026-000019,384571,Overdue,2024-10-16,2024-12-29,
20,INV-2026-000020,66,PO-2026-000020,260225,Paid,2024-02-14,2024-04-15,2024-04-14
21,INV-2026-000021,99,PO-2026-000021,284553,Paid,2024-01-08,2024-03-20,2024-03-14
22,INV-2026-000022,100,PO-2026-000022,364349,Paid,2025-03-10,2025-05-03,2025-04-27
23,INV-2026-000023,90,PO-2026-000023,393694,Paid,2026-03-04,2026-04-24,2026-04-18
24,INV-2026-000024,20,PO-2026-000024,245766,Pending,2026-01-04,2026-03-23,
25,INV-2026-000025,23,PO-2026-000025,137072,Paid,2025-07-25,2025-10-17,2025-10-07
26,INV-2026-000026,58,PO-2026-000026,217047,Pending,2025-03-19,2025-05-07,
27,INV-2026-000027,69,PO-2026-000027,341290,Pending,2026-01-07,2026-03-19,
28,INV-2026-000028,10,PO-2026-000028,268631,Paid,2024-04-18,2024-06-19,2024-06-16
29,INV-2026-000029,37,PO-2026-000029,234468,Overdue,2025-01-25,2025-03-10,
30,INV-2026-000030,69,PO-2026-000030,76503,Overdue,2026-02-03,2026-03-29,
31,INV-2026-000031,39,PO-2026-000031,421817,Overdue,2026-06-06,2026-08-30,
32,INV-2026-000032,72,PO-2026-000032,69610,Pending,2024-02-12,2024-03-25,
33,INV-2026-000033,96,PO-2026-000033,385600,Pending,2024-12-18,2025-01-29,
34,INV-2026-000034,29,PO-2026-000034,442648,Paid,2024-09-15,2024-11-11,2024-11-06
35,INV-2026-000035,73,PO-2026-000035,33515,Pending,2026-05-21,2026-08-19,
36,INV-2026-000036,9,PO-2026-000036,56486,Overdue,2024-07-21,2024-09-30,
37,INV-2026-000037,86,PO-2026-000037,127962,Paid,2024-04-12,2024-06-10,2024-06-07
38,INV-2026-000038,58,PO-2026-000038,328140,Pending,2025-11-06,2025-12-21,
39,INV-2026-000039,55,PO-2026-000039,7533,Paid,2024-11-16,2025-01-14,2025-01-09
40,INV-2026-000040,83,PO-2026-000040,150059,Paid,2026-05-10,2026-07-09,2026-06-25
41,INV-2026-000041,58,PO-2026-000041,411201,Paid,2024-11-08,2024-12-15,2024-12-13
42,INV-2026-000042,18,PO-2026-000042,287390,Paid,2024-07-20,2024-09-01,2024-08-28
43,INV-2026-000043,3,PO-2026-000043,270907,Paid,2025-10-08,2025-12-04,2025-11-24
44,INV-2026-000044,28,PO-2026-000044,24218,Paid,2025-07-18,2025-09-03,2025-08-23
45,INV-2026-000045,20,PO-2026-000045,210782,Paid,2024-08-16,2024-10-26,2024-10-14
46,INV-2026-000046,65,PO-2026-000046,52476,Pending,2025-02-10,2025-04-08,
47,INV-2026-000047,22,PO-2026-000047,274555,Paid,2024-05-23,2024-07-04,2024-06-22
48,INV-2026-000048,73,PO-2026-000048,81650,Paid,2026-01-23,2026-03-11,2026-02-24
49,INV-2026-000049,98,PO-2026-000049,126503,Paid,2024-03-05,2024-04-10,2024-04-09
50,INV-2026-000050,27,PO-2026-000050,419953,Pending,2025-01-04,2025-02-10,
51,INV-2026-000051,84,PO-2026-000051,59119,Paid,2025-12-21,2026-01-23,2026-01-22
52,INV-2026-000052,73,PO-2026-000052,202478,Paid,2025-10-31,2025-12-15,2025-12-13
53,INV-2026-000053,49,PO-2026-000053,121863,Paid,2025-06-12,2025-07-29,2025-07-22
54,INV-2026-000054,62,PO-2026-000054,321780,Overdue,2024-01-07,2024-03-21,
55,INV-2026-000055,10,PO-2026-000055,342367,Pending,2024-10-14,2024-12-08,
56,INV-2026-000056,78,PO-2026-000056,433319,Paid,2024-05-01,2024-06-14,2024-06-06
57,INV-2026-000057,15,PO-2026-000057,359014,Paid,2025-05-05,2025-06-14,2025-06-08
58,INV-2026-000058,53,PO-2026-000058,132753,Paid,2024-02-14,2024-04-02,2024-03-24
59,INV-2026-000059,6,PO-2026-000059,305033,Pending,2024-05-30,2024-07-05,
60,INV-2026-000060,52,PO-2026-000060,300491,Paid,2025-10-14,2026-01-10,2025-12-26
61,INV-2026-000061,58,PO-2026-000061,252156,Pending,2026-06-07,2026-08-30,
62,INV-2026-000062,19,PO-2026-000062,310474,Overdue,2026-04-20,2026-06-04,
63,INV-2026-000063,88,PO-2026-000063,242748,Paid,2025-09-02,2025-11-14,2025-11-12
64,INV-2026-000064,17,PO-2026-000064,13683,Paid,2024-07-26,2024-09-15,2024-09-01
65,INV-2026-000065,13,PO-2026-000065,254492,Paid,2026-07-12,2026-08-11,2026-07-27
66,INV-2026-000066,85,PO-2026-000066,321394,Paid,2025-07-06,2025-08-06,2025-08-01
67,INV-2026-000067,48,PO-2026-000067,27774,Overdue,2025-12-15,2026-03-11,
68,INV-2026-000068,99,PO-2026-000068,188772,Paid,2025-08-26,2025-11-07,2025-11-07
69,INV-2026-000069,33,PO-2026-000069,406530,Paid,2024-08-26,2024-10-25,2024-10-25
70,INV-2026-000070,1,PO-2026-000070,394884,Paid,2026-03-19,2026-05-03,2026-04-18
71,INV-2026-000071,27,PO-2026-000071,426678,Paid,2024-11-19,2025-02-09,2025-02-09
72,INV-2026-000072,84,PO-2026-000072,137976,Paid,2024-09-24,2024-11-11,2024-11-04
73,INV-2026-000073,88,PO-2026-000073,400822,Paid,2024-07-27,2024-09-05,2024-09-01
74,INV-2026-000074,72,PO-2026-000074,258629,Pending,2024-09-16,2024-10-22,
75,INV-2026-000075,85,PO-2026-000075,397070,Paid,2024-08-23,2024-11-08,2024-10-29
76,INV-2026-000076,66,PO-2026-000076,417132,Paid,2024-12-12,2025-02-27,2025-02-16
77,INV-2026-000077,82,PO-2026-000077,426721,Overdue,2024-04-03,2024-05-19,
78,INV-2026-000078,12,PO-2026-000078,142935,Pending,2024-08-15,2024-09-30,
79,INV-2026-000079,52,PO-2026-000079,349024,Paid,2025-06-17,2025-07-17,2025-07-06
80,INV-2026-000080,23,PO-2026-000080,264191,Paid,2025-03-25,2025-05-15,2025-04-30
81,INV-2026-000081,77,PO-2026-000081,275434,Paid,2025-12-16,2026-02-27,2026-02-27
82,INV-2026-000082,84,PO-2026-000082,87546,Paid,2024-03-29,2024-05-24,2024-05-17
83,INV-2026-000083,51,PO-2026-000083,312274,Pending,2024-07-24,2024-09-01,
84,INV-2026-000084,37,PO-2026-000084,440035,Paid,2025-07-26,2025-08-26,2025-08-19
85,INV-2026-000085,78,PO-2026-000085,106987,Paid,2025-04-10,2025-06-23,2025-06-10
86,INV-2026-000086,14,PO-2026-000086,42951,Paid,2025-05-30,2025-08-15,2025-08-13
87,INV-2026-000087,33,PO-2026-000087,287016,Paid,2026-04-12,2026-06-05,2026-06-02
88,INV-2026-000088,62,PO-2026-000088,132545,Overdue,2026-02-14,2026-05-11,
89,INV-2026-000089,76,PO-2026-000089,19339,Pending,2025-05-08,2025-07-11,
90,INV-2026-000090,29,PO-2026-000090,372618,Overdue,2024-08-23,2024-10-20,
91,INV-2026-000091,69,PO-2026-000091,372430,Overdue,2026-05-02,2026-07-27,
92,INV-2026-000092,87,PO-2026-000092,435479,Paid,2024-12-16,2025-01-31,2025-01-20
93,INV-2026-000093,28,PO-2026-000093,305790,Overdue,2024-10-02,2024-11-26,
94,INV-2026-000094,26,PO-2026-000094,390576,Paid,2024-09-04,2024-12-03,2024-11-25
95,INV-2026-000095,32,PO-2026-000095,329322,Paid,2024-12-30,2025-01-31,2025-01-21
96,INV-2026-000096,11,PO-2026-000096,352825,Pending,2025-05-19,2025-06-25,
97,INV-2026-000097,80,PO-2026-000097,263128,Paid,2026-07-08,2026-09-05,2026-08-25
98,INV-2026-000098,98,PO-2026-000098,272981,Paid,2024-10-13,2024-11-12,2024-10-28
99,INV-2026-000099,55,PO-2026-000099,288518,Overdue,2024-02-03,2024-03-13,
100,INV-2026-000100,23,PO-2026-000100,68107,Paid,2025-12-16,2026-01-24,2026-01-15
101,INV-2026-000101,2,PO-2026-000101,115494,Pending,2025-01-23,2025-04-05,
102,INV-2026-000102,34,PO-2026-000102,292605,Paid,2024-09-26,2024-11-26,2024-11-17
103,INV-2026-000103,47,PO-2026-000103,266499,Paid,2025-03-10,2025-04-27,2025-04-27
104,INV-2026-000104,52,PO-2026-000104,241311,Paid,2024-07-03,2024-08-15,2024-08-06
105,INV-2026-000105,35,PO-2026-000105,128629,Pending,2025-07-22,2025-08-28,
106,INV-2026-000106,95,PO-2026-000106,252981,Paid,2026-04-05,2026-05-24,2026-05-24
107,INV-2026-000107,81,PO-2026-000107,284960,Paid,2026-01-07,2026-03-20,2026-03-20
108,INV-2026-000108,72,PO-2026-000108,302708,Paid,2024-02-18,2024-03-27,2024-03-16
109,INV-2026-000109,33,PO-2026-000109,444862,Overdue,2025-10-06,2025-12-25,
110,INV-2026-000110,47,PO-2026-000110,297286,Overdue,2026-08-12,2026-10-23,
111,INV-2026-000111,16,PO-2026-000111,361298,Overdue,2025-09-12,2025-11-16,
112,INV-2026-000112,46,PO-2026-000112,357946,Paid,2025-06-06,2025-07-11,2025-07-03
113,INV-2026-000113,79,PO-2026-000113,248139,Paid,2025-10-08,2025-12-23,2025-12-17
114,INV-2026-000114,44,PO-2026-000114,335969,Paid,2025-09-19,2025-12-16,2025-12-14
115,INV-2026-000115,44,PO-2026-000115,169354,Paid,2024-11-20,2024-12-22,2024-12-07
116,INV-2026-000116,51,PO-2026-000116,238254,Overdue,2026-03-10,2026-04-24,
117,INV-2026-000117,24,PO-2026-000117,17111,Pending,2024-05-08,2024-07-17,
118,INV-2026-000118,96,PO-2026-000118,115400,Paid,2024-06-19,2024-08-13,2024-08-10
119,INV-2026-000119,61,PO-2026-000119,33220,Overdue,2024-01-27,2024-04-24,
120,INV-2026-000120,80,PO-2026-000120,49203,Paid,2025-11-01,2025-12-20,2025-12-15
121,INV-2026-000121,37,PO-2026-000121,333456,Paid,2024-05-09,2024-07-21,2024-07-11
122,INV-2026-000122,46,PO-2026-000122,175499,Pending,2026-06-03,2026-07-11,
123,INV-2026-000123,18,PO-2026-000123,370755,Pending,2025-07-06,2025-08-17,
124,INV-2026-000124,82,PO-2026-000124,167351,Paid,2026-07-19,2026-09-13,2026-09-07
125,INV-2026-000125,40,PO-2026-000125,221113,Paid,2024-09-23,2024-10-28,2024-10-19
126,INV-2026-000126,98,PO-2026-000126,76460,Paid,2024-12-18,2025-02-26,2025-02-12
127,INV-2026-000127,63,PO-2026-000127,401085,Paid,2025-05-03,2025-06-26,2025-06-13
128,INV-2026-000128,30,PO-2026-000128,8784,Paid,2025-07-15,2025-09-16,2025-09-02
129,INV-2026-000129,51,PO-2026-000129,90600,Pending,2026-01-02,2026-03-05,
130,INV-2026-000130,11,PO-2026-000130,332849,Overdue,2024-09-02,2024-11-16,
131,INV-2026-000131,96,PO-2026-000131,429048,Paid,2024-10-02,2024-11-23,2024-11-10
132,INV-2026-000132,38,PO-2026-000132,338915,Paid,2025-04-11,2025-06-06,2025-05-23
133,INV-2026-000133,63,PO-2026-000133,173109,Paid,2024-01-20,2024-03-25,2024-03-25
134,INV-2026-000134,37,PO-2026-000134,70556,Overdue,2026-01-02,2026-02-27,
135,INV-2026-000135,64,PO-2026-000135,184260,Paid,2025-03-06,2025-04-13,2025-04-04
136,INV-2026-000136,90,PO-2026-000136,21639,Pending,2024-12-04,2025-02-09,
137,INV-2026-000137,100,PO-2026-000137,42426,Paid,2025-07-10,2025-08-17,2025-08-08
138,INV-2026-000138,49,PO-2026-000138,11614,Paid,2024-05-04,2024-07-27,2024-07-15
139,INV-2026-000139,5,PO-2026-000139,246610,Paid,2026-01-22,2026-04-04,2026-04-04
140,INV-2026-000140,88,PO-2026-000140,168635,Paid,2026-08-16,2026-11-02,2026-10-19
141,INV-2026-000141,71,PO-2026-000141,69037,Pending,2024-09-16,2024-10-21,
142,INV-2026-000142,86,PO-2026-000142,64207,Paid,2024-08-29,2024-11-20,2024-11-17
143,INV-2026-000143,36,PO-2026-000143,67730,Paid,2025-02-09,2025-03-17,2025-03-08
144,INV-2026-000144,89,PO-2026-000144,365923,Paid,2025-09-02,2025-11-15,2025-11-05
145,INV-2026-000145,64,PO-2026-000145,364632,Overdue,2025-09-25,2025-11-01,
146,INV-2026-000146,83,PO-2026-000146,372697,Pending,2025-07-03,2025-09-14,
147,INV-2026-000147,41,PO-2026-000147,418433,Paid,2025-10-22,2026-01-05,2026-01-04
148,INV-2026-000148,3,PO-2026-000148,203059,Pending,2025-01-01,2025-03-05,
149,INV-2026-000149,91,PO-2026-000149,298089,Paid,2024-10-28,2025-01-13,2024-12-29
150,INV-2026-000150,42,PO-2026-000150,250573,Paid,2024-10-08,2025-01-03,2024-12-30
151,INV-2026-000151,20,PO-2026-000151,160017,Paid,2026-04-19,2026-06-07,2026-06-07
152,INV-2026-000152,65,PO-2026-000152,389647,Pending,2024-07-08,2024-09-15,
153,INV-2026-000153,9,PO-2026-000153,287568,Pending,2026-04-18,2026-05-25,
154,INV-2026-000154,20,PO-2026-000154,153441,Paid,2024-11-26,2025-01-04,2025-01-01
155,INV-2026-000155,9,PO-2026-000155,442881,Paid,2026-08-18,2026-10-02,2026-09-26
156,INV-2026-000156,63,PO-2026-000156,56775,Paid,2024-02-02,2024-03-04,2024-02-19
157,INV-2026-000157,90,PO-2026-000157,139185,Paid,2024-02-20,2024-05-19,2024-05-16
158,INV-2026-000158,27,PO-2026-000158,262638,Paid,2026-08-08,2026-10-07,2026-10-02
159,INV-2026-000159,47,PO-2026-000159,394796,Pending,2026-08-18,2026-11-09,
160,INV-2026-000160,79,PO-2026-000160,282359,Pending,2024-02-11,2024-03-28,
161,INV-2026-000161,28,PO-2026-000161,277359,Pending,2024-04-09,2024-06-21,
162,INV-2026-000162,68,PO-2026-000162,135423,Paid,2025-08-06,2025-10-17,2025-10-14
163,INV-2026-000163,99,PO-2026-000163,307285,Paid,2025-01-01,2025-03-12,2025-03-12
164,INV-2026-000164,24,PO-2026-000164,215531,Paid,2025-05-31,2025-08-21,2025-08-14
165,INV-2026-000165,41,PO-2026-000165,175212,Paid,2026-05-15,2026-07-31,2026-07-25
166,INV-2026-000166,78,PO-2026-000166,300250,Paid,2025-07-12,2025-08-29,2025-08-20
167,INV-2026-000167,58,PO-2026-000167,213189,Pending,2024-01-01,2024-03-08,
168,INV-2026-000168,67,PO-2026-000168,163251,Paid,2024-01-07,2024-03-19,2024-03-11
169,INV-2026-000169,99,PO-2026-000169,366611,Paid,2026-04-22,2026-07-05,2026-07-02
170,INV-2026-000170,59,PO-2026-000170,86845,Paid,2024-05-21,2024-08-11,2024-07-29
171,INV-2026-000171,39,PO-2026-000171,304099,Paid,2025-02-13,2025-04-02,2025-03-19
172,INV-2026-000172,62,PO-2026-000172,260997,Paid,2026-04-25,2026-06-18,2026-06-18
173,INV-2026-000173,39,PO-2026-000173,388144,Paid,2026-04-07,2026-05-09,2026-04-25
174,INV-2026-000174,99,PO-2026-000174,187415,Paid,2026-06-19,2026-09-15,2026-09-04
175,INV-2026-000175,99,PO-2026-000175,396998,Overdue,2025-10-30,2025-12-28,
176,INV-2026-000176,68,PO-2026-000176,172413,Overdue,2025-07-06,2025-09-03,
177,INV-2026-000177,29,PO-2026-000177,31486,Paid,2025-11-20,2025-12-30,2025-12-19
178,INV-2026-000178,74,PO-2026-000178,52229,Paid,2024-08-15,2024-11-08,2024-11-02
179,INV-2026-000179,44,PO-2026-000179,254484,Paid,2025-08-08,2025-10-22,2025-10-10
180,INV-2026-000180,52,PO-2026-000180,232798,Paid,2026-03-03,2026-04-13,2026-04-09
181,INV-2026-000181,26,PO-2026-000181,212260,Paid,2025-10-29,2026-01-13,2026-01-03
182,INV-2026-000182,35,PO-2026-000182,230478,Paid,2024-11-27,2025-02-19,2025-02-15
183,INV-2026-000183,45,PO-2026-000183,173159,Paid,2024-12-18,2025-03-06,2025-02-25
184,INV-2026-000184,79,PO-2026-000184,425896,Overdue,2025-03-28,2025-05-01,
185,INV-2026-000185,30,PO-2026-000185,364325,Overdue,2025-01-17,2025-03-29,
186,INV-2026-000186,7,PO-2026-000186,330584,Paid,2026-08-06,2026-10-05,2026-09-30
187,INV-2026-000187,89,PO-2026-000187,63341,Paid,2024-11-08,2025-02-05,2025-01-28
188,INV-2026-000188,95,PO-2026-000188,116083,Paid,2024-07-27,2024-09-15,2024-09-04
189,INV-2026-000189,19,PO-2026-000189,371348,Paid,2025-11-15,2026-02-06,2026-01-25
190,INV-2026-000190,8,PO-2026-000190,110222,Paid,2026-03-19,2026-04-19,2026-04-14
191,INV-2026-000191,2,PO-2026-000191,208761,Paid,2025-11-07,2026-01-18,2026-01-15
192,INV-2026-000192,38,PO-2026-000192,345478,Paid,2025-01-30,2025-04-13,2025-03-29
193,INV-2026-000193,77,PO-2026-000193,51148,Paid,2024-07-09,2024-08-22,2024-08-15
194,INV-2026-000194,68,PO-2026-000194,179886,Paid,2025-05-16,2025-08-10,2025-08-05
195,INV-2026-000195,46,PO-2026-000195,163506,Pending,2024-08-29,2024-10-22,
196,INV-2026-000196,50,PO-2026-000196,432220,Pending,2024-01-31,2024-03-27,
197,INV-2026-000197,51,PO-2026-000197,76964,Overdue,2024-03-30,2024-05-02,
198,INV-2026-000198,74,PO-2026-000198,228590,Pending,2024-11-15,2024-12-22,
199,INV-2026-000199,27,PO-2026-000199,77654,Paid,2025-08-17,2025-11-02,2025-10-31
200,INV-2026-000200,91,PO-2026-000200,279624,Paid,2026-07-20,2026-09-11,2026-09-11
201,INV-2026-000201,73,PO-2026-000201,87862,Overdue,2024-11-21,2025-01-10,
202,INV-2026-000202,19,PO-2026-000202,20457,Paid,2026-02-22,2026-04-21,2026-04-09
203,INV-2026-000203,96,PO-2026-000203,435806,Paid,2026-07-04,2026-09-12,2026-09-06
204,INV-2026-000204,24,PO-2026-000204,404742,Paid,2025-09-18,2025-11-18,2025-11-04
205,INV-2026-000205,30,PO-2026-000205,18675,Pending,2025-01-02,2025-02-15,
206,INV-2026-000206,78,PO-2026-000206,378303,Paid,2025-10-27,2025-12-06,2025-11-23
207,INV-2026-000207,18,PO-2026-000207,106323,Pending,2024-08-19,2024-11-08,
208,INV-2026-000208,53,PO-2026-000208,394213,Pending,2025-11-18,2025-12-23,
209,INV-2026-000209,57,PO-2026-000209,328516,Paid,2025-05-16,2025-07-25,2025-07-22
210,INV-2026-000210,52,PO-2026-000210,26929,Paid,2025-09-14,2025-12-04,2025-11-30
211,INV-2026-000211,51,PO-2026-000211,394266,Overdue,2025-08-08,2025-09-30,
212,INV-2026-000212,58,PO-2026-000212,438591,Pending,2026-06-17,2026-08-22,
213,INV-2026-000213,72,PO-2026-000213,275599,Paid,2026-02-22,2026-03-28,2026-03-18
214,INV-2026-000214,51,PO-2026-000214,164674,Paid,2026-03-03,2026-05-18,2026-05-03
215,INV-2026-000215,38,PO-2026-000215,33598,Paid,2025-12-07,2026-01-19,2026-01-04
216,INV-2026-000216,12,PO-2026-000216,267488,Paid,2024-04-25,2024-06-16,2024-06-12
217,INV-2026-000217,42,PO-2026-000217,18061,Pending,2024-07-02,2024-08-29,
218,INV-2026-000218,33,PO-2026-000218,367659,Paid,2025-10-26,2025-12-19,2025-12-17
219,INV-2026-000219,16,PO-2026-000219,64855,Paid,2025-12-24,2026-01-31,2026-01-22
220,INV-2026-000220,66,PO-2026-000220,88833,Paid,2025-01-22,2025-03-24,2025-03-17
221,INV-2026-000221,43,PO-2026-000221,350783,Paid,2026-06-02,2026-08-05,2026-07-26
222,INV-2026-000222,92,PO-2026-000222,224981,Paid,2024-11-11,2025-02-01,2025-01-23
223,INV-2026-000223,24,PO-2026-000223,73981,Overdue,2024-07-26,2024-09-10,
224,INV-2026-000224,64,PO-2026-000224,428338,Paid,2024-01-06,2024-02-27,2024-02-25
225,INV-2026-000225,85,PO-2026-000225,242889,Overdue,2025-02-23,2025-04-04,
226,INV-2026-000226,71,PO-2026-000226,329935,Overdue,2025-10-05,2025-11-08,
227,INV-2026-000227,19,PO-2026-000227,347505,Paid,2024-12-23,2025-02-06,2025-01-28
228,INV-2026-000228,78,PO-2026-000228,178597,Paid,2026-07-31,2026-09-02,2026-08-30
229,INV-2026-000229,21,PO-2026-000229,154097,Paid,2025-09-17,2025-12-15,2025-12-07
230,INV-2026-000230,75,PO-2026-000230,23790,Pending,2024-04-05,2024-05-07,
231,INV-2026-000231,49,PO-2026-000231,40476,Paid,2026-02-15,2026-04-02,2026-03-27
232,INV-2026-000232,18,PO-2026-000232,369180,Paid,2026-05-30,2026-08-16,2026-08-15
233,INV-2026-000233,90,PO-2026-000233,325892,Paid,2024-02-29,2024-05-04,2024-04-24
234,INV-2026-000234,89,PO-2026-000234,418235,Overdue,2025-12-24,2026-03-06,
235,INV-2026-000235,74,PO-2026-000235,190521,Overdue,2026-08-07,2026-09-09,
236,INV-2026-000236,24,PO-2026-000236,324504,Paid,2024-08-26,2024-09-29,2024-09-28
237,INV-2026-000237,4,PO-2026-000237,332921,Paid,2026-03-26,2026-04-29,2026-04-16
238,INV-2026-000238,43,PO-2026-000238,298819,Paid,2026-04-05,2026-06-13,2026-06-11
239,INV-2026-000239,89,PO-2026-000239,138388,Overdue,2026-03-20,2026-05-19,
240,INV-2026-000240,42,PO-2026-000240,8214,Overdue,2024-04-26,2024-06-12,
241,INV-2026-000241,73,PO-2026-000241,20265,Pending,2026-05-02,2026-06-07,
242,INV-2026-000242,87,PO-2026-000242,253774,Paid,2026-03-27,2026-05-28,2026-05-21
243,INV-2026-000243,69,PO-2026-000243,180693,Pending,2025-04-18,2025-06-14,
244,INV-2026-000244,67,PO-2026-000244,301192,Paid,2026-01-12,2026-04-02,2026-03-26
245,INV-2026-000245,88,PO-2026-000245,424186,Paid,2026-07-27,2026-08-29,2026-08-29
246,INV-2026-000246,4,PO-2026-000246,201734,Pending,2025-10-03,2025-12-23,
247,INV-2026-000247,50,PO-2026-000247,317051,Paid,2024-04-29,2024-07-06,2024-06-24
248,INV-2026-000248,41,PO-2026-000248,21582,Pending,2024-10-05,2024-12-21,
249,INV-2026-000249,58,PO-2026-000249,163664,Paid,2024-08-09,2024-10-08,2024-10-07
250,INV-2026-000250,5,PO-2026-000250,110957,Paid,2026-07-24,2026-09-16,2026-09-12
251,INV-2026-000251,65,PO-2026-000251,104725,Paid,2024-12-14,2025-02-09,2025-02-05
252,INV-2026-000252,19,PO-2026-000252,56512,Paid,2026-04-21,2026-05-28,2026-05-17
253,INV-2026-000253,59,PO-2026-000253,379172,Paid,2026-06-04,2026-07-25,2026-07-12
254,INV-2026-000254,6,PO-2026-000254,449661,Overdue,2025-08-31,2025-10-15,
255,INV-2026-000255,67,PO-2026-000255,350497,Paid,2026-02-02,2026-04-10,2026-04-10
256,INV-2026-000256,27,PO-2026-000256,110148,Paid,2024-07-16,2024-10-01,2024-09-30
257,INV-2026-000257,86,PO-2026-000257,147949,Overdue,2024-06-01,2024-07-01,
258,INV-2026-000258,80,PO-2026-000258,274515,Overdue,2024-04-14,2024-05-29,
259,INV-2026-000259,91,PO-2026-000259,153513,Pending,2025-08-10,2025-09-13,
260,INV-2026-000260,44,PO-2026-000260,237599,Paid,2024-02-21,2024-04-19,2024-04-14
261,INV-2026-000261,14,PO-2026-000261,33206,Paid,2024-03-29,2024-05-18,2024-05-07
262,INV-2026-000262,76,PO-2026-000262,443396,Pending,2025-12-07,2026-03-03,
263,INV-2026-000263,26,PO-2026-000263,402621,Paid,2025-11-17,2026-01-04,2025-12-31
264,INV-2026-000264,12,PO-2026-000264,425662,Pending,2026-07-30,2026-09-28,
265,INV-2026-000265,88,PO-2026-000265,377357,Pending,2026-02-23,2026-05-06,
266,INV-2026-000266,79,PO-2026-000266,195552,Paid,2025-02-05,2025-03-23,2025-03-17
267,INV-2026-000267,63,PO-2026-000267,39270,Paid,2025-05-01,2025-07-17,2025-07-06
268,INV-2026-000268,22,PO-2026-000268,407622,Overdue,2024-12-22,2025-03-16,
269,INV-2026-000269,92,PO-2026-000269,61089,Paid,2024-11-29,2025-02-12,2025-02-03
270,INV-2026-000270,52,PO-2026-000270,221762,Overdue,2024-09-01,2024-11-19,
271,INV-2026-000271,9,PO-2026-000271,114176,Paid,2026-04-13,2026-07-07,2026-06-30
272,INV-2026-000272,44,PO-2026-000272,368925,Paid,2024-08-29,2024-10-15,2024-10-05
273,INV-2026-000273,77,PO-2026-000273,175591,Pending,2025-07-22,2025-09-22,
274,INV-2026-000274,52,PO-2026-000274,318660,Paid,2024-04-21,2024-06-12,2024-05-30
275,INV-2026-000275,83,PO-2026-000275,37234,Pending,2024-04-02,2024-06-10,
276,INV-2026-000276,97,PO-2026-000276,429589,Paid,2024-01-01,2024-02-05,2024-01-30
277,INV-2026-000277,38,PO-2026-000277,327737,Overdue,2025-08-14,2025-11-05,
278,INV-2026-000278,41,PO-2026-000278,303989,Overdue,2026-03-24,2026-05-07,
279,INV-2026-000279,45,PO-2026-000279,310516,Paid,2024-01-09,2024-03-14,2024-03-08
280,INV-2026-000280,48,PO-2026-000280,292773,Paid,2024-02-24,2024-05-10,2024-05-06
281,INV-2026-000281,37,PO-2026-000281,21349,Paid,2024-08-28,2024-10-12,2024-09-28
282,INV-2026-000282,52,PO-2026-000282,233164,Pending,2025-07-12,2025-09-09,
283,INV-2026-000283,50,PO-2026-000283,193894,Overdue,2026-05-10,2026-06-10,
284,INV-2026-000284,18,PO-2026-000284,42615,Paid,2025-10-25,2025-11-26,2025-11-18
285,INV-2026-000285,18,PO-2026-000285,76942,Paid,2025-10-19,2025-12-12,2025-12-03
286,INV-2026-000286,55,PO-2026-000286,99265,Pending,2025-04-10,2025-05-15,
287,INV-2026-000287,29,PO-2026-000287,227702,Paid,2025-09-11,2025-12-04,2025-11-22
288,INV-2026-000288,35,PO-2026-000288,291348,Paid,2025-08-13,2025-11-06,2025-10-25
289,INV-2026-000289,91,PO-2026-000289,64330,Paid,2025-08-17,2025-09-18,2025-09-11
290,INV-2026-000290,11,PO-2026-000290,324852,Paid,2024-03-31,2024-05-11,2024-04-28
291,INV-2026-000291,70,PO-2026-000291,308892,Paid,2024-11-15,2025-01-26,2025-01-17
292,INV-2026-000292,2,PO-2026-000292,243044,Paid,2025-06-08,2025-08-25,2025-08-14
293,INV-2026-000293,38,PO-2026-000293,92822,Overdue,2024-02-06,2024-05-04,
294,INV-2026-000294,61,PO-2026-000294,93646,Pending,2025-08-09,2025-11-04,
295,INV-2026-000295,11,PO-2026-000295,270077,Paid,2024-03-19,2024-06-10,2024-06-02
296,INV-2026-000296,36,PO-2026-000296,139718,Pending,2024-01-15,2024-03-22,
297,INV-2026-000297,20,PO-2026-000297,239174,Paid,2025-01-13,2025-02-13,2025-02-03
298,INV-2026-000298,63,PO-2026-000298,424101,Pending,2025-06-24,2025-09-01,
299,INV-2026-000299,20,PO-2026-000299,265019,Paid,2026-02-09,2026-04-07,2026-04-06
300,INV-2026-000300,57,PO-2026-000300,339272,Pending,2024-06-20,2024-08-24,
301,INV-2026-000301,34,PO-2026-000301,434670,Paid,2024-04-28,2024-07-13,2024-07-04
302,INV-2026-000302,39,PO-2026-000302,396197,Overdue,2026-08-29,2026-11-27,
303,INV-2026-000303,19,PO-2026-000303,232925,Paid,2024-01-13,2024-03-10,2024-03-02
304,INV-2026-000304,41,PO-2026-000304,283005,Paid,2025-11-30,2026-01-23,2026-01-09
305,INV-2026-000305,84,PO-2026-000305,147915,Pending,2024-12-09,2025-03-08,
306,INV-2026-000306,75,PO-2026-000306,246753,Paid,2026-03-02,2026-05-29,2026-05-29
307,INV-2026-000307,87,PO-2026-000307,99328,Paid,2024-11-16,2025-01-28,2025-01-20
308,INV-2026-000308,53,PO-2026-000308,280389,Paid,2024-04-16,2024-05-31,2024-05-22
309,INV-2026-000309,37,PO-2026-000309,106229,Paid,2024-02-04,2024-03-30,2024-03-29
310,INV-2026-000310,16,PO-2026-000310,67902,Pending,2024-03-29,2024-05-21,
311,INV-2026-000311,83,PO-2026-000311,426108,Paid,2024-07-08,2024-08-23,2024-08-23
312,INV-2026-000312,10,PO-2026-000312,242735,Paid,2026-08-02,2026-10-07,2026-09-27
313,INV-2026-000313,86,PO-2026-000313,408764,Pending,2024-11-27,2025-02-19,
314,INV-2026-000314,8,PO-2026-000314,208733,Paid,2024-12-06,2025-02-03,2025-02-03
315,INV-2026-000315,9,PO-2026-000315,110208,Paid,2025-09-16,2025-11-14,2025-11-13
316,INV-2026-000316,70,PO-2026-000316,231101,Overdue,2024-08-11,2024-10-10,
317,INV-2026-000317,14,PO-2026-000317,43230,Pending,2024-03-13,2024-05-17,
318,INV-2026-000318,64,PO-2026-000318,347289,Paid,2025-10-17,2025-11-19,2025-11-17
319,INV-2026-000319,90,PO-2026-000319,210169,Paid,2025-08-11,2025-10-19,2025-10-09
320,INV-2026-000320,52,PO-2026-000320,386559,Overdue,2026-03-10,2026-05-07,
321,INV-2026-000321,1,PO-2026-000321,366371,Paid,2026-04-17,2026-07-05,2026-06-27
322,INV-2026-000322,46,PO-2026-000322,362478,Paid,2024-11-06,2025-01-06,2025-01-02
323,INV-2026-000323,44,PO-2026-000323,446021,Paid,2025-04-15,2025-05-26,2025-05-22
324,INV-2026-000324,23,PO-2026-000324,25620,Overdue,2025-01-28,2025-04-09,
325,INV-2026-000325,14,PO-2026-000325,366151,Paid,2025-01-02,2025-02-08,2025-02-07
326,INV-2026-000326,18,PO-2026-000326,106236,Paid,2024-01-26,2024-03-28,2024-03-14
327,INV-2026-000327,70,PO-2026-000327,166339,Paid,2025-05-26,2025-06-27,2025-06-20
328,INV-2026-000328,44,PO-2026-000328,182061,Paid,2026-03-17,2026-05-31,2026-05-23
329,INV-2026-000329,84,PO-2026-000329,279265,Overdue,2025-04-14,2025-05-15,
330,INV-2026-000330,30,PO-2026-000330,42766,Pending,2024-02-07,2024-05-01,
331,INV-2026-000331,61,PO-2026-000331,329205,Pending,2024-02-16,2024-04-20,
332,INV-2026-000332,7,PO-2026-000332,166133,Pending,2026-04-20,2026-06-27,
333,INV-2026-000333,76,PO-2026-000333,433762,Paid,2026-04-17,2026-05-23,2026-05-21
334,INV-2026-000334,79,PO-2026-000334,38087,Paid,2026-04-03,2026-05-10,2026-05-08
335,INV-2026-000335,52,PO-2026-000335,68335,Paid,2025-12-01,2026-01-20,2026-01-09
336,INV-2026-000336,76,PO-2026-000336,180900,Pending,2024-03-05,2024-05-17,
337,INV-2026-000337,22,PO-2026-000337,198948,Paid,2025-07-20,2025-09-29,2025-09-16
338,INV-2026-000338,18,PO-2026-000338,419739,Overdue,2026-05-17,2026-06-25,
339,INV-2026-000339,63,PO-2026-000339,8329,Paid,2024-01-08,2024-03-16,2024-03-05
340,INV-2026-000340,99,PO-2026-000340,367995,Paid,2024-05-09,2024-07-04,2024-06-23
341,INV-2026-000341,53,PO-2026-000341,96513,Paid,2025-09-17,2025-11-04,2025-11-04
342,INV-2026-000342,79,PO-2026-000342,51148,Paid,2025-10-04,2025-11-05,2025-10-27
343,INV-2026-000343,1,PO-2026-000343,128542,Overdue,2024-07-15,2024-10-11,
344,INV-2026-000344,65,PO-2026-000344,248382,Paid,2026-02-27,2026-04-04,2026-03-29
345,INV-2026-000345,20,PO-2026-000345,447384,Pending,2026-07-22,2026-09-22,
346,INV-2026-000346,6,PO-2026-000346,343092,Pending,2025-01-07,2025-03-25,
347,INV-2026-000347,79,PO-2026-000347,402624,Paid,2025-04-09,2025-06-15,2025-06-04
348,INV-2026-000348,21,PO-2026-000348,20238,Overdue,2025-05-11,2025-07-04,
349,INV-2026-000349,57,PO-2026-000349,308962,Pending,2024-11-29,2024-12-31,
350,INV-2026-000350,15,PO-2026-000350,124423,Pending,2024-04-10,2024-05-19,
351,INV-2026-000351,29,PO-2026-000351,251934,Paid,2025-08-22,2025-11-01,2025-10-30
352,INV-2026-000352,79,PO-2026-000352,98355,Overdue,2025-01-31,2025-04-30,
353,INV-2026-000353,81,PO-2026-000353,146397,Overdue,2024-07-26,2024-09-30,
354,INV-2026-000354,8,PO-2026-000354,76566,Paid,2024-04-23,2024-06-28,2024-06-15
355,INV-2026-000355,44,PO-2026-000355,159749,Paid,2025-09-10,2025-10-17,2025-10-16
356,INV-2026-000356,71,PO-2026-000356,125430,Pending,2024-03-29,2024-06-09,
357,INV-2026-000357,61,PO-2026-000357,247621,Paid,2024-10-12,2024-12-09,2024-11-29
358,INV-2026-000358,56,PO-2026-000358,121605,Paid,2026-07-02,2026-09-23,2026-09-14
359,INV-2026-000359,6,PO-2026-000359,389552,Overdue,2026-02-26,2026-04-18,
360,INV-2026-000360,62,PO-2026-000360,423391,Paid,2025-12-14,2026-03-03,2026-02-20
361,INV-2026-000361,11,PO-2026-000361,399830,Paid,2024-01-13,2024-03-03,2024-02-29
362,INV-2026-000362,38,PO-2026-000362,344549,Pending,2024-04-02,2024-05-30,
363,INV-2026-000363,59,PO-2026-000363,304043,Pending,2026-02-04,2026-05-01,
364,INV-2026-000364,18,PO-2026-000364,373645,Paid,2025-02-19,2025-03-26,2025-03-15
365,INV-2026-000365,91,PO-2026-000365,5714,Paid,2026-05-31,2026-07-04,2026-06-23
366,INV-2026-000366,68,PO-2026-000366,160498,Pending,2025-03-12,2025-05-19,
367,INV-2026-000367,80,PO-2026-000367,181000,Paid,2026-01-23,2026-04-13,2026-03-31
368,INV-2026-000368,50,PO-2026-000368,248978,Paid,2025-09-25,2025-12-16,2025-12-12
369,INV-2026-000369,72,PO-2026-000369,40130,Overdue,2025-07-28,2025-09-11,
370,INV-2026-000370,31,PO-2026-000370,64536,Pending,2025-10-26,2025-12-21,
371,INV-2026-000371,98,PO-2026-000371,173015,Pending,2024-12-27,2025-03-09,
372,INV-2026-000372,48,PO-2026-000372,242193,Paid,2025-05-12,2025-06-27,2025-06-18
373,INV-2026-000373,87,PO-2026-000373,284369,Paid,2026-07-10,2026-08-16,2026-08-14
374,INV-2026-000374,89,PO-2026-000374,39407,Paid,2024-07-11,2024-09-11,2024-09-07
375,INV-2026-000375,23,PO-2026-000375,45342,Paid,2024-04-21,2024-06-30,2024-06-24
376,INV-2026-000376,64,PO-2026-000376,112089,Overdue,2025-06-17,2025-09-11,
377,INV-2026-000377,88,PO-2026-000377,74220,Paid,2025-04-30,2025-06-09,2025-06-06
378,INV-2026-000378,3,PO-2026-000378,104122,Paid,2024-03-05,2024-05-22,2024-05-07
379,INV-2026-000379,43,PO-2026-000379,308407,Pending,2024-12-17,2025-01-24,
380,INV-2026-000380,90,PO-2026-000380,446402,Overdue,2025-07-15,2025-10-06,
381,INV-2026-000381,40,PO-2026-000381,418803,Paid,2024-09-23,2024-12-06,2024-12-01
382,INV-2026-000382,7,PO-2026-000382,190137,Overdue,2024-10-18,2024-11-25,
383,INV-2026-000383,37,PO-2026-000383,96938,Paid,2026-05-09,2026-07-11,2026-06-29
384,INV-2026-000384,15,PO-2026-000384,171003,Overdue,2025-08-11,2025-10-02,
385,INV-2026-000385,27,PO-2026-000385,375742,Paid,2024-02-05,2024-04-19,2024-04-12
386,INV-2026-000386,58,PO-2026-000386,90247,Pending,2025-06-30,2025-08-06,
387,INV-2026-000387,64,PO-2026-000387,81223,Paid,2026-08-28,2026-11-18,2026-11-08
388,INV-2026-000388,95,PO-2026-000388,271028,Paid,2024-12-05,2025-02-12,2025-02-09
389,INV-2026-000389,86,PO-2026-000389,424208,Overdue,2025-08-01,2025-09-02,
390,INV-2026-000390,94,PO-2026-000390,26013,Paid,2024-05-22,2024-08-18,2024-08-07
391,INV-2026-000391,29,PO-2026-000391,192377,Overdue,2024-04-04,2024-07-01,
392,INV-2026-000392,29,PO-2026-000392,407178,Paid,2024-10-11,2024-12-08,2024-11-25
393,INV-2026-000393,58,PO-2026-000393,357089,Paid,2024-03-30,2024-05-29,2024-05-25
394,INV-2026-000394,78,PO-2026-000394,273202,Pending,2026-08-24,2026-11-08,
395,INV-2026-000395,55,PO-2026-000395,207434,Pending,2025-01-16,2025-04-14,
396,INV-2026-000396,58,PO-2026-000396,299142,Pending,2024-03-30,2024-05-31,
397,INV-2026-000397,21,PO-2026-000397,386682,Paid,2026-07-08,2026-10-03,2026-10-03
398,INV-2026-000398,12,PO-2026-000398,113938,Paid,2024-11-06,2024-12-29,2024-12-15
399,INV-2026-000399,76,PO-2026-000399,202012,Paid,2024-03-31,2024-05-28,2024-05-23
400,INV-2026-000400,72,PO-2026-000400,377373,Paid,2025-08-04,2025-10-10,2025-10-02
401,INV-2026-000401,49,PO-2026-000401,295385,Overdue,2025-05-17,2025-06-22,
402,INV-2026-000402,64,PO-2026-000402,392897,Paid,2025-04-19,2025-06-19,2025-06-09
403,INV-2026-000403,39,PO-2026-000403,340835,Paid,2026-05-04,2026-07-06,2026-06-23
404,INV-2026-000404,37,PO-2026-000404,99042,Paid,2025-05-18,2025-07-11,2025-07-01
405,INV-2026-000405,64,PO-2026-000405,39983,Pending,2025-09-05,2025-10-14,
406,INV-2026-000406,34,PO-2026-000406,364615,Paid,2025-05-02,2025-07-31,2025-07-25
407,INV-2026-000407,94,PO-2026-000407,14198,Paid,2026-05-15,2026-07-01,2026-06-21
408,INV-2026-000408,60,PO-2026-000408,368479,Paid,2024-05-18,2024-07-05,2024-06-30
409,INV-2026-000409,54,PO-2026-000409,191638,Paid,2024-02-19,2024-04-06,2024-03-22
410,INV-2026-000410,99,PO-2026-000410,101074,Paid,2026-02-22,2026-05-19,2026-05-14
411,INV-2026-000411,88,PO-2026-000411,162848,Paid,2024-10-04,2024-12-31,2024-12-23
412,INV-2026-000412,46,PO-2026-000412,80349,Overdue,2024-01-14,2024-04-01,
413,INV-2026-000413,21,PO-2026-000413,119229,Paid,2024-06-07,2024-07-21,2024-07-13
414,INV-2026-000414,89,PO-2026-000414,280593,Paid,2026-05-16,2026-06-28,2026-06-23
415,INV-2026-000415,10,PO-2026-000415,434310,Paid,2024-05-14,2024-08-09,2024-08-08
416,INV-2026-000416,47,PO-2026-000416,433363,Overdue,2025-03-28,2025-05-31,
417,INV-2026-000417,39,PO-2026-000417,395311,Paid,2026-04-14,2026-05-26,2026-05-26
418,INV-2026-000418,89,PO-2026-000418,166180,Paid,2024-05-08,2024-07-29,2024-07-29
419,INV-2026-000419,98,PO-2026-000419,63574,Paid,2024-03-20,2024-05-07,2024-04-24
420,INV-2026-000420,6,PO-2026-000420,61527,Pending,2024-02-03,2024-04-06,
421,INV-2026-000421,33,PO-2026-000421,39732,Paid,2024-11-04,2025-01-02,2024-12-24
422,INV-2026-000422,78,PO-2026-000422,313073,Overdue,2026-07-11,2026-09-24,
423,INV-2026-000423,19,PO-2026-000423,396222,Pending,2026-08-22,2026-11-14,
424,INV-2026-000424,94,PO-2026-000424,131784,Paid,2025-06-01,2025-08-26,2025-08-13
425,INV-2026-000425,2,PO-2026-000425,118769,Paid,2026-01-02,2026-02-06,2026-02-02
426,INV-2026-000426,1,PO-2026-000426,385291,Overdue,2024-04-11,2024-06-26,
427,INV-2026-000427,76,PO-2026-000427,235511,Pending,2025-11-20,2026-01-11,
428,INV-2026-000428,28,PO-2026-000428,124303,Pending,2025-02-21,2025-05-09,
429,INV-2026-000429,15,PO-2026-000429,76257,Pending,2025-05-22,2025-08-06,
430,INV-2026-000430,6,PO-2026-000430,177026,Paid,2025-05-20,2025-06-29,2025-06-19
431,INV-2026-000431,95,PO-2026-000431,365210,Paid,2026-05-11,2026-07-20,2026-07-18
432,INV-2026-000432,55,PO-2026-000432,41495,Pending,2026-07-05,2026-08-24,
433,INV-2026-000433,23,PO-2026-000433,358453,Overdue,2025-05-18,2025-06-19,
434,INV-2026-000434,85,PO-2026-000434,49567,Paid,2024-05-02,2024-07-30,2024-07-20
435,INV-2026-000435,14,PO-2026-000435,93459,Paid,2024-03-07,2024-05-11,2024-05-10
436,INV-2026-000436,52,PO-2026-000436,127090,Overdue,2026-05-08,2026-07-17,
437,INV-2026-000437,83,PO-2026-000437,214838,Paid,2024-12-30,2025-02-06,2025-01-25
438,INV-2026-000438,36,PO-2026-000438,407652,Overdue,2025-04-10,2025-05-24,
439,INV-2026-000439,30,PO-2026-000439,75573,Pending,2024-01-31,2024-03-17,
440,INV-2026-000440,4,PO-2026-000440,98897,Paid,2025-01-26,2025-03-28,2025-03-23
441,INV-2026-000441,13,PO-2026-000441,45117,Pending,2025-11-07,2025-12-25,
442,INV-2026-000442,85,PO-2026-000442,262032,Paid,2025-05-31,2025-08-09,2025-08-07
443,INV-2026-000443,56,PO-2026-000443,67460,Overdue,2025-01-27,2025-04-21,
444,INV-2026-000444,5,PO-2026-000444,97730,Pending,2025-07-24,2025-09-05,
445,INV-2026-000445,63,PO-2026-000445,75510,Paid,2024-11-15,2024-12-19,2024-12-04
446,INV-2026-000446,73,PO-2026-000446,262191,Paid,2025-11-06,2025-12-19,2025-12-14
447,INV-2026-000447,21,PO-2026-000447,34222,Paid,2025-02-04,2025-04-19,2025-04-11
448,INV-2026-000448,46,PO-2026-000448,154127,Pending,2024-11-24,2025-02-02,
449,INV-2026-000449,47,PO-2026-000449,429439,Paid,2026-01-29,2026-04-09,2026-03-29
450,INV-2026-000450,55,PO-2026-000450,192362,Paid,2025-02-25,2025-05-08,2025-05-03
451,INV-2026-000451,83,PO-2026-000451,315657,Overdue,2024-03-27,2024-06-18,
452,INV-2026-000452,22,PO-2026-000452,287285,Paid,2024-11-29,2025-01-16,2025-01-01
453,INV-2026-000453,54,PO-2026-000453,15696,Paid,2025-12-13,2026-02-21,2026-02-09
454,INV-2026-000454,50,PO-2026-000454,305175,Paid,2024-04-10,2024-06-13,2024-05-29
455,INV-2026-000455,27,PO-2026-000455,265430,Paid,2025-05-29,2025-07-12,2025-07-09
456,INV-2026-000456,39,PO-2026-000456,233584,Overdue,2024-07-25,2024-10-20,
457,INV-2026-000457,37,PO-2026-000457,29920,Pending,2024-10-31,2024-12-18,
458,INV-2026-000458,12,PO-2026-000458,447597,Paid,2025-08-15,2025-10-12,2025-10-02
459,INV-2026-000459,68,PO-2026-000459,228926,Paid,2024-08-02,2024-09-28,2024-09-25
460,INV-2026-000460,39,PO-2026-000460,426593,Paid,2024-11-03,2024-12-23,2024-12-20
461,INV-2026-000461,33,PO-2026-000461,275201,Paid,2025-04-09,2025-06-03,2025-05-30
462,INV-2026-000462,91,PO-2026-000462,102800,Pending,2025-08-13,2025-10-12,
463,INV-2026-000463,82,PO-2026-000463,429114,Pending,2025-09-21,2025-12-15,
464,INV-2026-000464,47,PO-2026-000464,82460,Paid,2024-09-03,2024-10-29,2024-10-22
465,INV-2026-000465,41,PO-2026-000465,440271,Paid,2026-07-22,2026-09-07,2026-09-01
466,INV-2026-000466,37,PO-2026-000466,89192,Overdue,2024-09-19,2024-12-08,
467,INV-2026-000467,25,PO-2026-000467,133758,Paid,2026-03-27,2026-05-31,2026-05-21
468,INV-2026-000468,56,PO-2026-000468,344173,Paid,2026-07-16,2026-09-04,2026-08-22
469,INV-2026-000469,4,PO-2026-000469,419014,Paid,2026-04-02,2026-05-30,2026-05-17
470,INV-2026-000470,3,PO-2026-000470,49003,Paid,2024-11-17,2025-02-13,2025-02-12
471,INV-2026-000471,47,PO-2026-000471,349682,Paid,2026-06-25,2026-09-09,2026-09-02
472,INV-2026-000472,74,PO-2026-000472,267274,Paid,2026-08-13,2026-11-03,2026-11-02
473,INV-2026-000473,12,PO-2026-000473,319479,Paid,2024-05-05,2024-06-30,2024-06-23
474,INV-2026-000474,75,PO-2026-000474,209446,Paid,2026-04-05,2026-05-15,2026-05-09
475,INV-2026-000475,14,PO-2026-000475,117254,Pending,2024-10-08,2024-11-14,
476,INV-2026-000476,63,PO-2026-000476,201453,Overdue,2025-12-17,2026-02-24,
477,INV-2026-000477,32,PO-2026-000477,150612,Pending,2026-06-19,2026-07-27,
478,INV-2026-000478,48,PO-2026-000478,166570,Pending,2024-01-22,2024-02-22,
479,INV-2026-000479,86,PO-2026-000479,137635,Overdue,2025-07-19,2025-08-19,
480,INV-2026-000480,69,PO-2026-000480,128932,Pending,2026-05-28,2026-07-02,
481,INV-2026-000481,33,PO-2026-000481,52317,Pending,2026-08-16,2026-10-06,
482,INV-2026-000482,21,PO-2026-000482,235081,Overdue,2025-10-08,2025-12-26,
483,INV-2026-000483,11,PO-2026-000483,413659,Pending,2026-08-21,2026-09-24,
484,INV-2026-000484,55,PO-2026-000484,435042,Pending,2024-04-12,2024-06-14,
485,INV-2026-000485,46,PO-2026-000485,320682,Paid,2026-01-16,2026-03-21,2026-03-15
486,INV-2026-000486,98,PO-2026-000486,341264,Overdue,2025-10-18,2026-01-09,
487,INV-2026-000487,26,PO-2026-000487,165194,Paid,2024-11-17,2025-02-10,2025-02-03
488,INV-2026-000488,67,PO-2026-000488,407447,Paid,2026-04-30,2026-06-09,2026-05-29
489,INV-2026-000489,53,PO-2026-000489,172457,Paid,2025-04-07,2025-05-20,2025-05-13
490,INV-2026-000490,88,PO-2026-000490,438464,Overdue,2024-12-01,2025-01-02,
491,INV-2026-000491,48,PO-2026-000491,211304,Pending,2026-06-16,2026-09-02,
492,INV-2026-000492,3,PO-2026-000492,297830,Overdue,2025-10-24,2025-11-29,
493,INV-2026-000493,34,PO-2026-000493,93476,Paid,2024-02-20,2024-05-10,2024-04-25
494,INV-2026-000494,48,PO-2026-000494,302398,Paid,2024-04-30,2024-06-17,2024-06-08
495,INV-2026-000495,16,PO-2026-000495,379112,Paid,2024-07-27,2024-10-05,2024-09-28
496,INV-2026-000496,64,PO-2026-000496,73261,Paid,2025-03-17,2025-06-02,2025-05-30
497,INV-2026-000497,25,PO-2026-000497,99565,Pending,2025-02-22,2025-04-17,
498,INV-2026-000498,31,PO-2026-000498,241441,Pending,2026-07-18,2026-08-25,
499,INV-2026-000499,61,PO-2026-000499,174473,Pending,2025-12-10,2026-03-06,
500,INV-2026-000500,95,PO-2026-000500,139336,Paid,2024-03-15,2024-04-19,2024-04-17
501,INV-2026-000501,46,PO-2026-000501,356687,Paid,2026-04-01,2026-06-16,2026-06-03
502,INV-2026-000502,65,PO-2026-000502,204721,Paid,2024-11-05,2025-01-21,2025-01-17
503,INV-2026-000503,34,PO-2026-000503,269108,Paid,2025-05-19,2025-07-25,2025-07-13
504,INV-2026-000504,91,PO-2026-000504,231979,Paid,2024-05-25,2024-08-01,2024-07-23
505,INV-2026-000505,64,PO-2026-000505,442677,Pending,2024-10-14,2024-12-10,
506,INV-2026-000506,34,PO-2026-000506,439943,Paid,2026-02-18,2026-03-21,2026-03-12
507,INV-2026-000507,63,PO-2026-000507,84306,Paid,2025-07-23,2025-09-03,2025-08-31
508,INV-2026-000508,7,PO-2026-000508,101018,Paid,2024-02-06,2024-04-17,2024-04-02
509,INV-2026-000509,56,PO-2026-000509,264475,Paid,2024-02-11,2024-04-08,2024-04-06
510,INV-2026-000510,15,PO-2026-000510,382363,Paid,2026-06-06,2026-08-01,2026-07-24
511,INV-2026-000511,37,PO-2026-000511,442756,Paid,2024-06-21,2024-09-17,2024-09-10
512,INV-2026-000512,1,PO-2026-000512,407049,Paid,2025-08-07,2025-10-07,2025-09-25
513,INV-2026-000513,64,PO-2026-000513,54443,Overdue,2026-06-27,2026-09-13,
514,INV-2026-000514,16,PO-2026-000514,200852,Paid,2025-08-27,2025-10-02,2025-09-18
515,INV-2026-000515,11,PO-2026-000515,440525,Paid,2025-12-25,2026-01-25,2026-01-13
516,INV-2026-000516,35,PO-2026-000516,349984,Pending,2024-01-06,2024-03-04,
517,INV-2026-000517,94,PO-2026-000517,422875,Paid,2025-08-05,2025-10-10,2025-10-07
518,INV-2026-000518,42,PO-2026-000518,34116,Pending,2026-01-31,2026-03-23,
519,INV-2026-000519,33,PO-2026-000519,130871,Paid,2026-02-28,2026-05-09,2026-05-07
520,INV-2026-000520,50,PO-2026-000520,215971,Paid,2024-10-18,2024-11-27,2024-11-21
521,INV-2026-000521,63,PO-2026-000521,231680,Overdue,2026-01-23,2026-03-25,
522,INV-2026-000522,13,PO-2026-000522,197653,Paid,2025-06-08,2025-07-13,2025-07-09
523,INV-2026-000523,35,PO-2026-000523,319751,Paid,2025-03-09,2025-05-31,2025-05-16
524,INV-2026-000524,24,PO-2026-000524,335661,Paid,2025-03-12,2025-06-03,2025-05-27
525,INV-2026-000525,29,PO-2026-000525,364785,Paid,2025-12-31,2026-03-02,2026-02-22
526,INV-2026-000526,56,PO-2026-000526,425240,Paid,2025-05-04,2025-07-20,2025-07-10
527,INV-2026-000527,39,PO-2026-000527,135366,Pending,2025-06-19,2025-07-21,
528,INV-2026-000528,6,PO-2026-000528,61430,Paid,2025-06-06,2025-08-11,2025-07-29
529,INV-2026-000529,93,PO-2026-000529,431154,Overdue,2024-09-16,2024-11-02,
530,INV-2026-000530,3,PO-2026-000530,393243,Pending,2025-11-08,2026-01-25,
531,INV-2026-000531,11,PO-2026-000531,374297,Paid,2024-10-31,2024-12-31,2024-12-16
532,INV-2026-000532,34,PO-2026-000532,429676,Paid,2024-07-10,2024-09-19,2024-09-12
533,INV-2026-000533,34,PO-2026-000533,358060,Paid,2024-04-18,2024-07-02,2024-06-17
534,INV-2026-000534,22,PO-2026-000534,255148,Paid,2025-04-16,2025-07-09,2025-07-07
535,INV-2026-000535,79,PO-2026-000535,367105,Overdue,2025-11-20,2026-01-16,
536,INV-2026-000536,18,PO-2026-000536,105035,Pending,2024-04-24,2024-06-17,
537,INV-2026-000537,62,PO-2026-000537,81102,Paid,2025-10-27,2025-11-26,2025-11-21
538,INV-2026-000538,99,PO-2026-000538,82681,Paid,2025-04-30,2025-06-06,2025-06-01
539,INV-2026-000539,20,PO-2026-000539,373363,Paid,2025-03-31,2025-06-24,2025-06-21
540,INV-2026-000540,32,PO-2026-000540,159576,Paid,2025-08-06,2025-10-02,2025-09-17
541,INV-2026-000541,2,PO-2026-000541,335516,Paid,2026-05-17,2026-08-06,2026-07-22
542,INV-2026-000542,75,PO-2026-000542,388295,Paid,2025-07-21,2025-10-14,2025-10-01
543,INV-2026-000543,66,PO-2026-000543,384906,Paid,2025-09-18,2025-11-05,2025-11-02
544,INV-2026-000544,8,PO-2026-000544,14971,Paid,2025-03-08,2025-04-25,2025-04-17
545,INV-2026-000545,83,PO-2026-000545,253165,Paid,2024-04-29,2024-07-07,2024-06-26
546,INV-2026-000546,56,PO-2026-000546,89585,Paid,2024-10-21,2024-11-30,2024-11-26
547,INV-2026-000547,30,PO-2026-000547,120187,Paid,2025-08-24,2025-11-05,2025-10-30
548,INV-2026-000548,38,PO-2026-000548,377970,Pending,2025-02-03,2025-05-04,
549,INV-2026-000549,21,PO-2026-000549,113636,Pending,2024-10-16,2024-12-18,
550,INV-2026-000550,26,PO-2026-000550,322586,Pending,2025-05-18,2025-07-17,
551,INV-2026-000551,31,PO-2026-000551,296939,Paid,2024-02-18,2024-05-17,2024-05-07
552,INV-2026-000552,21,PO-2026-000552,439083,Overdue,2026-05-30,2026-08-14,
553,INV-2026-000553,15,PO-2026-000553,123850,Overdue,2024-05-03,2024-07-31,
554,INV-2026-000554,46,PO-2026-000554,29471,Paid,2026-02-27,2026-05-01,2026-04-16
555,INV-2026-000555,66,PO-2026-000555,356003,Paid,2024-04-16,2024-06-11,2024-06-06
556,INV-2026-000556,97,PO-2026-000556,60517,Paid,2026-03-11,2026-04-14,2026-04-14
557,INV-2026-000557,65,PO-2026-000557,92580,Paid,2025-10-07,2025-11-18,2025-11-12
558,INV-2026-000558,94,PO-2026-000558,376281,Pending,2025-03-28,2025-05-31,
559,INV-2026-000559,47,PO-2026-000559,434476,Paid,2024-05-21,2024-06-26,2024-06-25
560,INV-2026-000560,54,PO-2026-000560,408194,Pending,2024-01-07,2024-03-15,
561,INV-2026-000561,65,PO-2026-000561,49687,Paid,2024-09-29,2024-11-20,2024-11-13
562,INV-2026-000562,32,PO-2026-000562,399897,Paid,2026-02-10,2026-03-12,2026-03-06
563,INV-2026-000563,55,PO-2026-000563,219595,Paid,2026-07-08,2026-09-28,2026-09-15
564,INV-2026-000564,19,PO-2026-000564,10215,Paid,2026-01-04,2026-02-22,2026-02-11
565,INV-2026-000565,52,PO-2026-000565,91153,Pending,2025-03-20,2025-05-14,
566,INV-2026-000566,83,PO-2026-000566,306233,Overdue,2024-02-29,2024-05-04,
567,INV-2026-000567,88,PO-2026-000567,295251,Paid,2026-06-13,2026-08-24,2026-08-18
568,INV-2026-000568,36,PO-2026-000568,281714,Paid,2025-09-17,2025-10-26,2025-10-23
569,INV-2026-000569,80,PO-2026-000569,236810,Pending,2025-12-15,2026-01-31,
570,INV-2026-000570,39,PO-2026-000570,24383,Paid,2025-07-04,2025-09-08,2025-09-05
571,INV-2026-000571,37,PO-2026-000571,53664,Paid,2025-06-07,2025-08-09,2025-07-28
572,INV-2026-000572,21,PO-2026-000572,19623,Paid,2026-06-30,2026-09-17,2026-09-09
573,INV-2026-000573,93,PO-2026-000573,269909,Overdue,2024-04-23,2024-07-09,
574,INV-2026-000574,65,PO-2026-000574,69913,Overdue,2024-02-18,2024-04-30,
575,INV-2026-000575,95,PO-2026-000575,242579,Overdue,2024-12-13,2025-01-25,
576,INV-2026-000576,37,PO-2026-000576,416455,Paid,2026-04-14,2026-07-03,2026-06-26
577,INV-2026-000577,32,PO-2026-000577,176886,Overdue,2025-06-12,2025-07-17,
578,INV-2026-000578,19,PO-2026-000578,228185,Overdue,2026-04-28,2026-07-06,
579,INV-2026-000579,17,PO-2026-000579,117608,Paid,2025-04-01,2025-05-11,2025-04-26
580,INV-2026-000580,67,PO-2026-000580,211979,Overdue,2026-06-11,2026-07-31,
581,INV-2026-000581,63,PO-2026-000581,223587,Paid,2026-04-23,2026-05-26,2026-05-22
582,INV-2026-000582,59,PO-2026-000582,374373,Paid,2025-06-09,2025-08-06,2025-07-24
583,INV-2026-000583,5,PO-2026-000583,87229,Pending,2026-08-24,2026-10-13,
584,INV-2026-000584,53,PO-2026-000584,68368,Paid,2025-01-13,2025-04-01,2025-03-29
585,INV-2026-000585,16,PO-2026-000585,164868,Paid,2025-01-18,2025-03-14,2025-03-02
586,INV-2026-000586,19,PO-2026-000586,415933,Pending,2025-08-26,2025-11-09,
587,INV-2026-000587,24,PO-2026-000587,392795,Paid,2025-05-15,2025-07-03,2025-06-23
588,INV-2026-000588,6,PO-2026-000588,257275,Paid,2025-08-09,2025-11-03,2025-10-28
589,INV-2026-000589,93,PO-2026-000589,322566,Overdue,2024-05-15,2024-08-13,
590,INV-2026-000590,86,PO-2026-000590,83109,Pending,2026-06-06,2026-07-23,
591,INV-2026-000591,80,PO-2026-000591,208022,Pending,2024-08-26,2024-11-17,
592,INV-2026-000592,57,PO-2026-000592,150424,Paid,2025-10-23,2025-12-20,2025-12-05
593,INV-2026-000593,74,PO-2026-000593,422416,Pending,2026-03-01,2026-04-16,
594,INV-2026-000594,11,PO-2026-000594,329379,Pending,2025-07-08,2025-09-11,
595,INV-2026-000595,25,PO-2026-000595,254474,Overdue,2025-05-29,2025-08-08,
596,INV-2026-000596,27,PO-2026-000596,439996,Paid,2025-12-23,2026-01-23,2026-01-12
597,INV-2026-000597,6,PO-2026-000597,17196,Overdue,2024-12-14,2025-03-03,
598,INV-2026-000598,68,PO-2026-000598,205283,Pending,2024-09-20,2024-12-05,
599,INV-2026-000599,37,PO-2026-000599,100771,Paid,2024-09-18,2024-11-26,2024-11-20
600,INV-2026-000600,53,PO-2026-000600,93704,Paid,2024-03-01,2024-04-11,2024-04-11
601,INV-2026-000601,8,PO-2026-000601,209440,Paid,2024-04-11,2024-06-03,2024-05-28
602,INV-2026-000602,49,PO-2026-000602,438974,Paid,2026-07-10,2026-08-28,2026-08-18
603,INV-2026-000603,77,PO-2026-000603,128989,Paid,2025-05-19,2025-07-11,2025-07-03
604,INV-2026-000604,8,PO-2026-000604,248701,Paid,2025-07-20,2025-08-19,2025-08-11
605,INV-2026-000605,82,PO-2026-000605,14763,Paid,2024-10-02,2024-11-18,2024-11-03
606,INV-2026-000606,84,PO-2026-000606,70835,Paid,2024-11-07,2025-01-20,2025-01-12
607,INV-2026-000607,82,PO-2026-000607,111670,Paid,2026-03-12,2026-04-14,2026-04-14
608,INV-2026-000608,55,PO-2026-000608,296059,Overdue,2025-04-07,2025-07-05,
609,INV-2026-000609,84,PO-2026-000609,92756,Paid,2024-01-01,2024-03-09,2024-02-24
610,INV-2026-000610,88,PO-2026-000610,189244,Paid,2026-05-12,2026-07-11,2026-07-08
611,INV-2026-000611,95,PO-2026-000611,300216,Paid,2024-03-12,2024-04-12,2024-04-08
612,INV-2026-000612,18,PO-2026-000612,296755,Pending,2024-10-13,2024-11-23,
613,INV-2026-000613,44,PO-2026-000613,142028,Overdue,2026-02-09,2026-03-19,
614,INV-2026-000614,42,PO-2026-000614,115427,Paid,2025-04-15,2025-07-07,2025-07-04
615,INV-2026-000615,83,PO-2026-000615,6073,Paid,2025-09-15,2025-11-24,2025-11-23
616,INV-2026-000616,53,PO-2026-000616,370161,Paid,2025-12-21,2026-03-15,2026-03-07
617,INV-2026-000617,84,PO-2026-000617,45644,Overdue,2025-07-05,2025-08-16,
618,INV-2026-000618,46,PO-2026-000618,431131,Pending,2025-01-20,2025-04-07,
619,INV-2026-000619,90,PO-2026-000619,70412,Paid,2025-04-18,2025-07-10,2025-06-30
620,INV-2026-000620,96,PO-2026-000620,402631,Overdue,2024-10-14,2024-11-23,
621,INV-2026-000621,39,PO-2026-000621,381338,Overdue,2024-08-14,2024-10-20,
622,INV-2026-000622,64,PO-2026-000622,374123,Pending,2025-12-24,2026-02-15,
623,INV-2026-000623,82,PO-2026-000623,63167,Paid,2026-06-09,2026-09-07,2026-08-26
624,INV-2026-000624,85,PO-2026-000624,301593,Paid,2025-11-19,2026-01-30,2026-01-29
625,INV-2026-000625,96,PO-2026-000625,71810,Paid,2024-09-22,2024-12-13,2024-12-09
626,INV-2026-000626,36,PO-2026-000626,449421,Pending,2025-11-25,2025-12-30,
627,INV-2026-000627,59,PO-2026-000627,228930,Paid,2025-10-18,2025-11-19,2025-11-11
628,INV-2026-000628,53,PO-2026-000628,68815,Pending,2025-11-27,2026-02-09,
629,INV-2026-000629,98,PO-2026-000629,383127,Paid,2024-08-17,2024-09-27,2024-09-27
630,INV-2026-000630,41,PO-2026-000630,210446,Paid,2024-07-18,2024-09-21,2024-09-10
631,INV-2026-000631,89,PO-2026-000631,44028,Paid,2026-07-28,2026-09-25,2026-09-23
632,INV-2026-000632,9,PO-2026-000632,332834,Paid,2024-04-09,2024-06-07,2024-06-05
633,INV-2026-000633,81,PO-2026-000633,180270,Paid,2026-05-10,2026-06-14,2026-06-09
634,INV-2026-000634,44,PO-2026-000634,33538,Pending,2026-04-21,2026-06-01,
635,INV-2026-000635,80,PO-2026-000635,405607,Paid,2024-04-07,2024-06-16,2024-06-16
636,INV-2026-000636,5,PO-2026-000636,169248,Pending,2026-06-30,2026-09-18,
637,INV-2026-000637,57,PO-2026-000637,163057,Paid,2025-09-17,2025-11-26,2025-11-15
638,INV-2026-000638,8,PO-2026-000638,32369,Paid,2024-10-28,2025-01-22,2025-01-15
639,INV-2026-000639,53,PO-2026-000639,319350,Paid,2026-03-17,2026-05-29,2026-05-23
640,INV-2026-000640,55,PO-2026-000640,330169,Pending,2025-09-26,2025-12-12,
641,INV-2026-000641,43,PO-2026-000641,105915,Paid,2024-04-20,2024-05-23,2024-05-11
642,INV-2026-000642,25,PO-2026-000642,305528,Pending,2024-05-09,2024-06-19,
643,INV-2026-000643,80,PO-2026-000643,102477,Paid,2024-09-05,2024-11-10,2024-10-31
644,INV-2026-000644,40,PO-2026-000644,233509,Paid,2025-06-09,2025-08-31,2025-08-25
645,INV-2026-000645,70,PO-2026-000645,81349,Paid,2024-05-30,2024-07-11,2024-07-06
646,INV-2026-000646,2,PO-2026-000646,312463,Overdue,2025-11-04,2025-12-20,
647,INV-2026-000647,72,PO-2026-000647,33629,Pending,2025-03-08,2025-04-23,
648,INV-2026-000648,26,PO-2026-000648,40863,Paid,2024-12-15,2025-02-05,2025-01-25
649,INV-2026-000649,43,PO-2026-000649,308253,Paid,2025-08-02,2025-10-12,2025-09-28
650,INV-2026-000650,59,PO-2026-000650,418763,Pending,2026-07-21,2026-10-02,
651,INV-2026-000651,29,PO-2026-000651,125729,Pending,2025-04-22,2025-05-24,
652,INV-2026-000652,99,PO-2026-000652,432112,Overdue,2024-12-05,2025-02-10,
653,INV-2026-000653,1,PO-2026-000653,10186,Paid,2024-03-16,2024-05-19,2024-05-13
654,INV-2026-000654,57,PO-2026-000654,336001,Overdue,2025-08-22,2025-10-18,
655,INV-2026-000655,26,PO-2026-000655,96302,Paid,2024-08-12,2024-11-01,2024-10-23
656,INV-2026-000656,3,PO-2026-000656,446912,Paid,2024-09-25,2024-12-08,2024-11-30
657,INV-2026-000657,15,PO-2026-000657,115224,Paid,2024-11-08,2025-01-26,2025-01-20
658,INV-2026-000658,22,PO-2026-000658,281261,Paid,2026-03-29,2026-05-27,2026-05-19
659,INV-2026-000659,17,PO-2026-000659,104426,Paid,2024-07-15,2024-08-21,2024-08-16
660,INV-2026-000660,55,PO-2026-000660,133214,Paid,2026-08-01,2026-09-29,2026-09-19
661,INV-2026-000661,20,PO-2026-000661,134589,Paid,2024-02-24,2024-04-18,2024-04-17
662,INV-2026-000662,66,PO-2026-000662,311227,Paid,2026-06-26,2026-08-01,2026-07-21
663,INV-2026-000663,85,PO-2026-000663,39012,Overdue,2024-06-20,2024-07-20,
664,INV-2026-000664,60,PO-2026-000664,173728,Paid,2025-12-30,2026-02-28,2026-02-18
665,INV-2026-000665,75,PO-2026-000665,339551,Paid,2026-08-01,2026-10-27,2026-10-24
666,INV-2026-000666,26,PO-2026-000666,127885,Paid,2025-02-09,2025-04-02,2025-03-24
667,INV-2026-000667,21,PO-2026-000667,446676,Paid,2025-01-18,2025-03-23,2025-03-18
668,INV-2026-000668,67,PO-2026-000668,125679,Pending,2025-08-20,2025-10-17,
669,INV-2026-000669,60,PO-2026-000669,219409,Pending,2025-01-11,2025-03-11,
670,INV-2026-000670,4,PO-2026-000670,236571,Paid,2024-08-27,2024-11-09,2024-10-27
671,INV-2026-000671,65,PO-2026-000671,291603,Pending,2025-10-21,2025-12-20,
672,INV-2026-000672,16,PO-2026-000672,193867,Pending,2024-02-09,2024-03-26,
673,INV-2026-000673,43,PO-2026-000673,163710,Pending,2026-02-02,2026-04-11,
674,INV-2026-000674,78,PO-2026-000674,399465,Paid,2026-01-03,2026-03-17,2026-03-05
675,INV-2026-000675,37,PO-2026-000675,186735,Paid,2026-03-12,2026-06-09,2026-06-02
676,INV-2026-000676,66,PO-2026-000676,83266,Pending,2026-06-05,2026-08-31,
677,INV-2026-000677,27,PO-2026-000677,127538,Overdue,2025-06-12,2025-07-18,
678,INV-2026-000678,60,PO-2026-000678,420191,Paid,2024-03-28,2024-06-15,2024-06-07
679,INV-2026-000679,90,PO-2026-000679,114882,Overdue,2025-03-25,2025-05-19,
680,INV-2026-000680,74,PO-2026-000680,72290,Paid,2024-11-08,2024-12-18,2024-12-13
681,INV-2026-000681,46,PO-2026-000681,123222,Overdue,2025-03-05,2025-05-30,
682,INV-2026-000682,3,PO-2026-000682,416753,Paid,2024-02-02,2024-04-16,2024-04-10
683,INV-2026-000683,78,PO-2026-000683,323681,Overdue,2025-08-10,2025-10-15,
684,INV-2026-000684,69,PO-2026-000684,103743,Pending,2025-05-01,2025-06-08,
685,INV-2026-000685,39,PO-2026-000685,94875,Pending,2024-04-16,2024-07-05,
686,INV-2026-000686,26,PO-2026-000686,207319,Overdue,2024-10-17,2024-11-21,
687,INV-2026-000687,9,PO-2026-000687,35122,Paid,2025-01-12,2025-04-01,2025-03-28
688,INV-2026-000688,53,PO-2026-000688,87331,Pending,2024-04-23,2024-06-21,
689,INV-2026-000689,27,PO-2026-000689,112833,Paid,2024-11-13,2025-01-11,2025-01-11
690,INV-2026-000690,74,PO-2026-000690,167693,Pending,2025-08-24,2025-10-05,
691,INV-2026-000691,1,PO-2026-000691,238691,Overdue,2024-03-06,2024-04-24,
692,INV-2026-000692,73,PO-2026-000692,262403,Paid,2025-04-16,2025-05-27,2025-05-20
693,INV-2026-000693,59,PO-2026-000693,372167,Overdue,2026-05-12,2026-07-08,
694,INV-2026-000694,23,PO-2026-000694,135618,Paid,2024-07-02,2024-08-16,2024-08-12
695,INV-2026-000695,90,PO-2026-000695,55087,Pending,2025-02-06,2025-05-01,
696,INV-2026-000696,81,PO-2026-000696,158034,Pending,2025-11-13,2025-12-13,
697,INV-2026-000697,98,PO-2026-000697,68559,Paid,2025-01-12,2025-03-05,2025-03-02
698,INV-2026-000698,100,PO-2026-000698,220008,Paid,2025-04-06,2025-06-18,2025-06-06
699,INV-2026-000699,60,PO-2026-000699,43375,Pending,2025-10-16,2026-01-12,
700,INV-2026-000700,52,PO-2026-000700,106923,Paid,2025-02-10,2025-04-05,2025-03-22
701,INV-2026-000701,18,PO-2026-000701,356427,Pending,2026-02-05,2026-04-24,
702,INV-2026-000702,71,PO-2026-000702,132031,Overdue,2025-12-31,2026-02-23,
703,INV-2026-000703,21,PO-2026-000703,444613,Paid,2024-01-19,2024-04-06,2024-04-02
704,INV-2026-000704,69,PO-2026-000704,209917,Paid,2024-06-21,2024-08-10,2024-08-01
705,INV-2026-000705,46,PO-2026-000705,118598,Pending,2026-01-01,2026-03-18,
706,INV-2026-000706,82,PO-2026-000706,279136,Overdue,2025-10-18,2025-12-25,
707,INV-2026-000707,40,PO-2026-000707,32480,Paid,2025-09-04,2025-10-08,2025-09-27
708,INV-2026-000708,32,PO-2026-000708,130063,Paid,2024-07-23,2024-10-08,2024-10-08
709,INV-2026-000709,44,PO-2026-000709,105742,Paid,2025-11-27,2026-02-03,2026-01-29
710,INV-2026-000710,86,PO-2026-000710,384590,Pending,2024-06-20,2024-08-12,
711,INV-2026-000711,72,PO-2026-000711,104377,Paid,2025-10-01,2025-12-02,2025-12-02
712,INV-2026-000712,28,PO-2026-000712,191948,Pending,2024-11-27,2025-02-13,
713,INV-2026-000713,2,PO-2026-000713,116551,Paid,2025-04-14,2025-05-18,2025-05-11
714,INV-2026-000714,48,PO-2026-000714,40300,Paid,2026-06-25,2026-08-06,2026-08-05
715,INV-2026-000715,64,PO-2026-000715,378571,Paid,2025-07-03,2025-08-29,2025-08-27
716,INV-2026-000716,13,PO-2026-000716,175055,Paid,2025-10-08,2025-12-18,2025-12-13
717,INV-2026-000717,82,PO-2026-000717,365513,Paid,2024-11-21,2025-01-08,2024-12-30
718,INV-2026-000718,78,PO-2026-000718,311727,Paid,2025-04-04,2025-06-25,2025-06-10
719,INV-2026-000719,91,PO-2026-000719,126952,Paid,2024-01-22,2024-03-18,2024-03-13
720,INV-2026-000720,95,PO-2026-000720,402014,Paid,2024-09-06,2024-11-18,2024-11-15
721,INV-2026-000721,64,PO-2026-000721,110912,Paid,2024-06-04,2024-07-09,2024-06-28
722,INV-2026-000722,93,PO-2026-000722,237640,Pending,2026-01-26,2026-03-03,
723,INV-2026-000723,98,PO-2026-000723,278087,Pending,2026-03-21,2026-05-15,
724,INV-2026-000724,94,PO-2026-000724,184688,Pending,2024-09-05,2024-10-05,
725,INV-2026-000725,93,PO-2026-000725,323800,Paid,2026-06-12,2026-07-20,2026-07-08
726,INV-2026-000726,9,PO-2026-000726,262762,Pending,2024-03-12,2024-04-11,
727,INV-2026-000727,12,PO-2026-000727,315709,Paid,2025-07-16,2025-09-26,2025-09-14
728,INV-2026-000728,11,PO-2026-000728,385103,Paid,2025-04-23,2025-05-26,2025-05-17
729,INV-2026-000729,23,PO-2026-000729,135531,Paid,2024-11-06,2025-01-22,2025-01-19
730,INV-2026-000730,62,PO-2026-000730,193524,Pending,2025-02-11,2025-05-03,
731,INV-2026-000731,65,PO-2026-000731,390313,Overdue,2025-03-19,2025-05-20,
732,INV-2026-000732,49,PO-2026-000732,48637,Paid,2026-02-16,2026-04-17,2026-04-07
733,INV-2026-000733,60,PO-2026-000733,242818,Pending,2024-10-17,2024-12-09,
734,INV-2026-000734,92,PO-2026-000734,107611,Paid,2024-06-07,2024-07-18,2024-07-05
735,INV-2026-000735,93,PO-2026-000735,262663,Paid,2025-02-18,2025-04-13,2025-04-11
736,INV-2026-000736,40,PO-2026-000736,313443,Paid,2024-03-13,2024-05-03,2024-04-25
737,INV-2026-000737,73,PO-2026-000737,106831,Paid,2026-02-20,2026-05-13,2026-04-29
738,INV-2026-000738,63,PO-2026-000738,365966,Paid,2025-01-12,2025-03-12,2025-03-03
739,INV-2026-000739,32,PO-2026-000739,255465,Paid,2024-02-05,2024-04-30,2024-04-15
740,INV-2026-000740,83,PO-2026-000740,142012,Paid,2025-09-11,2025-10-14,2025-10-03
741,INV-2026-000741,85,PO-2026-000741,89634,Paid,2024-01-13,2024-03-04,2024-02-24
742,INV-2026-000742,50,PO-2026-000742,375183,Pending,2025-08-23,2025-09-23,
743,INV-2026-000743,55,PO-2026-000743,367721,Paid,2024-11-05,2024-12-16,2024-12-07
744,INV-2026-000744,94,PO-2026-000744,399506,Paid,2026-06-16,2026-07-17,2026-07-03
745,INV-2026-000745,74,PO-2026-000745,423137,Paid,2024-12-18,2025-02-26,2025-02-25
746,INV-2026-000746,96,PO-2026-000746,371482,Paid,2024-11-11,2025-01-02,2025-01-01
747,INV-2026-000747,9,PO-2026-000747,370070,Paid,2025-03-03,2025-04-27,2025-04-20
748,INV-2026-000748,22,PO-2026-000748,201425,Paid,2024-07-09,2024-09-11,2024-09-08
749,INV-2026-000749,65,PO-2026-000749,62796,Paid,2025-04-06,2025-05-15,2025-04-30
750,INV-2026-000750,8,PO-2026-000750,100802,Paid,2026-04-08,2026-05-25,2026-05-14
751,INV-2026-000751,81,PO-2026-000751,332376,Overdue,2024-04-21,2024-07-04,
752,INV-2026-000752,49,PO-2026-000752,150103,Pending,2024-03-06,2024-06-02,
753,INV-2026-000753,87,PO-2026-000753,57853,Pending,2024-01-10,2024-04-02,
754,INV-2026-000754,6,PO-2026-000754,115660,Overdue,2025-06-18,2025-09-08,
755,INV-2026-000755,98,PO-2026-000755,259765,Paid,2025-04-29,2025-06-27,2025-06-26
756,INV-2026-000756,88,PO-2026-000756,184871,Paid,2024-11-18,2025-01-10,2025-01-09
757,INV-2026-000757,49,PO-2026-000757,35011,Paid,2024-12-30,2025-03-16,2025-03-13
758,INV-2026-000758,90,PO-2026-000758,385224,Paid,2026-05-05,2026-07-20,2026-07-18
759,INV-2026-000759,90,PO-2026-000759,432321,Paid,2024-09-11,2024-11-20,2024-11-11
760,INV-2026-000760,85,PO-2026-000760,6640,Paid,2025-10-15,2025-11-15,2025-11-10
761,INV-2026-000761,6,PO-2026-000761,428392,Overdue,2026-01-23,2026-03-10,
762,INV-2026-000762,79,PO-2026-000762,47660,Pending,2024-12-22,2025-03-09,
763,INV-2026-000763,38,PO-2026-000763,107276,Overdue,2025-12-30,2026-03-23,
764,INV-2026-000764,12,PO-2026-000764,441393,Overdue,2025-11-20,2025-12-27,
765,INV-2026-000765,58,PO-2026-000765,65648,Pending,2025-05-08,2025-07-13,
766,INV-2026-000766,85,PO-2026-000766,51888,Paid,2024-04-18,2024-06-06,2024-05-30
767,INV-2026-000767,36,PO-2026-000767,382054,Pending,2024-09-20,2024-10-23,
768,INV-2026-000768,69,PO-2026-000768,385326,Paid,2025-05-18,2025-07-17,2025-07-11
769,INV-2026-000769,74,PO-2026-000769,319929,Pending,2024-03-07,2024-05-03,
770,INV-2026-000770,95,PO-2026-000770,205094,Paid,2025-10-31,2026-01-13,2026-01-08
771,INV-2026-000771,34,PO-2026-000771,157555,Paid,2024-03-30,2024-06-10,2024-06-09
772,INV-2026-000772,25,PO-2026-000772,65873,Pending,2025-08-09,2025-11-05,
773,INV-2026-000773,95,PO-2026-000773,167948,Paid,2024-03-04,2024-04-21,2024-04-13
774,INV-2026-000774,99,PO-2026-000774,423129,Paid,2025-11-26,2026-01-08,2026-01-08
775,INV-2026-000775,2,PO-2026-000775,246488,Pending,2024-11-19,2025-01-30,
776,INV-2026-000776,88,PO-2026-000776,82293,Paid,2025-09-07,2025-10-24,2025-10-10
777,INV-2026-000777,40,PO-2026-000777,366024,Paid,2024-05-06,2024-07-15,2024-07-05
778,INV-2026-000778,28,PO-2026-000778,157827,Paid,2025-12-22,2026-02-04,2026-02-04
779,INV-2026-000779,92,PO-2026-000779,449632,Pending,2026-01-20,2026-03-05,
780,INV-2026-000780,63,PO-2026-000780,210420,Paid,2024-11-02,2024-12-20,2024-12-06
781,INV-2026-000781,51,PO-2026-000781,226478,Paid,2025-11-25,2026-02-03,2026-01-24
782,INV-2026-000782,68,PO-2026-000782,153394,Paid,2024-10-16,2024-12-15,2024-12-15
783,INV-2026-000783,42,PO-2026-000783,419857,Paid,2025-08-17,2025-10-06,2025-09-25
784,INV-2026-000784,21,PO-2026-000784,77121,Pending,2025-03-28,2025-05-06,
785,INV-2026-000785,28,PO-2026-000785,397367,Paid,2024-07-19,2024-10-04,2024-09-19
786,INV-2026-000786,19,PO-2026-000786,228929,Paid,2025-11-26,2026-02-08,2026-02-03
787,INV-2026-000787,61,PO-2026-000787,32510,Pending,2024-04-30,2024-06-15,
788,INV-2026-000788,93,PO-2026-000788,133451,Paid,2024-02-04,2024-04-16,2024-04-14
789,INV-2026-000789,89,PO-2026-000789,95432,Pending,2025-10-30,2026-01-03,
790,INV-2026-000790,84,PO-2026-000790,149292,Overdue,2025-10-09,2025-11-13,
791,INV-2026-000791,15,PO-2026-000791,68990,Paid,2025-05-15,2025-07-17,2025-07-06
792,INV-2026-000792,74,PO-2026-000792,256395,Paid,2024-10-07,2024-12-24,2024-12-14
793,INV-2026-000793,83,PO-2026-000793,232360,Paid,2024-11-01,2024-12-30,2024-12-30
794,INV-2026-000794,92,PO-2026-000794,421926,Paid,2025-07-04,2025-09-09,2025-09-04
795,INV-2026-000795,69,PO-2026-000795,430824,Pending,2025-06-26,2025-08-31,
796,INV-2026-000796,27,PO-2026-000796,350286,Paid,2026-07-08,2026-09-24,2026-09-24
797,INV-2026-000797,58,PO-2026-000797,169781,Pending,2024-05-05,2024-06-22,
798,INV-2026-000798,12,PO-2026-000798,139616,Paid,2026-05-21,2026-07-21,2026-07-14
799,INV-2026-000799,39,PO-2026-000799,290436,Paid,2024-06-24,2024-08-27,2024-08-23
800,INV-2026-000800,67,PO-2026-000800,415413,Paid,2024-10-27,2025-01-25,2025-01-22
801,INV-2026-000801,67,PO-2026-000801,189610,Paid,2025-09-12,2025-10-25,2025-10-19
802,INV-2026-000802,6,PO-2026-000802,24259,Overdue,2024-07-11,2024-09-15,
803,INV-2026-000803,71,PO-2026-000803,315264,Paid,2025-01-02,2025-03-28,2025-03-23
804,INV-2026-000804,33,PO-2026-000804,205163,Pending,2025-10-27,2026-01-12,
805,INV-2026-000805,33,PO-2026-000805,228002,Overdue,2026-08-20,2026-10-24,
806,INV-2026-000806,94,PO-2026-000806,336937,Paid,2025-12-14,2026-03-02,2026-02-24
807,INV-2026-000807,83,PO-2026-000807,273135,Paid,2025-09-11,2025-11-18,2025-11-10
808,INV-2026-000808,56,PO-2026-000808,18584,Paid,2025-09-10,2025-11-02,2025-10-30
809,INV-2026-000809,15,PO-2026-000809,292503,Pending,2025-02-20,2025-05-04,
810,INV-2026-000810,43,PO-2026-000810,148263,Overdue,2024-05-29,2024-08-15,
811,INV-2026-000811,49,PO-2026-000811,121510,Pending,2025-01-22,2025-03-25,
812,INV-2026-000812,94,PO-2026-000812,165720,Paid,2025-08-25,2025-10-19,2025-10-12
813,INV-2026-000813,45,PO-2026-000813,304975,Overdue,2026-06-05,2026-08-05,
814,INV-2026-000814,41,PO-2026-000814,399197,Pending,2025-02-02,2025-03-22,
815,INV-2026-000815,17,PO-2026-000815,9979,Pending,2025-12-04,2026-01-31,
816,INV-2026-000816,73,PO-2026-000816,145178,Paid,2024-02-24,2024-05-19,2024-05-14
817,INV-2026-000817,54,PO-2026-000817,245012,Paid,2024-07-06,2024-08-05,2024-07-26
818,INV-2026-000818,36,PO-2026-000818,229272,Pending,2025-06-17,2025-08-27,
819,INV-2026-000819,12,PO-2026-000819,165254,Paid,2025-02-20,2025-05-19,2025-05-16
820,INV-2026-000820,10,PO-2026-000820,130848,Paid,2026-08-25,2026-11-04,2026-10-22
821,INV-2026-000821,37,PO-2026-000821,263395,Overdue,2026-04-07,2026-06-02,
822,INV-2026-000822,66,PO-2026-000822,359824,Paid,2026-06-28,2026-07-29,2026-07-22
823,INV-2026-000823,96,PO-2026-000823,379425,Paid,2025-03-11,2025-05-19,2025-05-17
824,INV-2026-000824,68,PO-2026-000824,324392,Paid,2024-02-13,2024-04-29,2024-04-16
825,INV-2026-000825,98,PO-2026-000825,123000,Overdue,2024-06-28,2024-08-17,
826,INV-2026-000826,7,PO-2026-000826,264788,Pending,2025-01-23,2025-03-04,
827,INV-2026-000827,87,PO-2026-000827,441064,Paid,2025-07-06,2025-09-04,2025-09-02
828,INV-2026-000828,62,PO-2026-000828,143805,Overdue,2024-08-06,2024-09-06,
829,INV-2026-000829,40,PO-2026-000829,342103,Pending,2025-06-11,2025-09-05,
830,INV-2026-000830,63,PO-2026-000830,191512,Pending,2024-01-07,2024-03-01,
831,INV-2026-000831,14,PO-2026-000831,188354,Paid,2026-06-30,2026-09-23,2026-09-17
832,INV-2026-000832,13,PO-2026-000832,262973,Overdue,2024-07-21,2024-08-30,
833,INV-2026-000833,63,PO-2026-000833,86595,Paid,2026-02-26,2026-05-13,2026-05-06
834,INV-2026-000834,48,PO-2026-000834,196100,Paid,2025-03-14,2025-06-11,2025-06-05
835,INV-2026-000835,57,PO-2026-000835,78334,Paid,2024-12-28,2025-02-14,2025-02-12
836,INV-2026-000836,91,PO-2026-000836,63020,Overdue,2024-07-13,2024-08-25,
837,INV-2026-000837,96,PO-2026-000837,21570,Paid,2024-06-13,2024-08-11,2024-08-04
838,INV-2026-000838,16,PO-2026-000838,261412,Pending,2025-07-17,2025-09-13,
839,INV-2026-000839,98,PO-2026-000839,214650,Overdue,2025-05-28,2025-08-16,
840,INV-2026-000840,14,PO-2026-000840,16089,Paid,2024-05-09,2024-07-07,2024-07-04
841,INV-2026-000841,31,PO-2026-000841,360629,Pending,2026-04-29,2026-07-21,
842,INV-2026-000842,38,PO-2026-000842,259766,Paid,2024-03-25,2024-06-21,2024-06-16
843,INV-2026-000843,94,PO-2026-000843,102968,Paid,2024-09-12,2024-11-27,2024-11-25
844,INV-2026-000844,32,PO-2026-000844,435235,Paid,2025-03-15,2025-04-16,2025-04-03
845,INV-2026-000845,65,PO-2026-000845,99994,Overdue,2024-07-12,2024-09-10,
846,INV-2026-000846,52,PO-2026-000846,148582,Overdue,2024-07-15,2024-08-18,
847,INV-2026-000847,12,PO-2026-000847,31715,Pending,2025-01-24,2025-03-11,
848,INV-2026-000848,55,PO-2026-000848,37164,Overdue,2025-06-06,2025-08-09,
849,INV-2026-000849,36,PO-2026-000849,189037,Paid,2025-12-29,2026-03-18,2026-03-18
850,INV-2026-000850,6,PO-2026-000850,32331,Paid,2025-11-07,2026-01-28,2026-01-27
851,INV-2026-000851,36,PO-2026-000851,322992,Paid,2024-04-13,2024-06-07,2024-06-06
852,INV-2026-000852,43,PO-2026-000852,63473,Paid,2024-04-09,2024-06-23,2024-06-09
853,INV-2026-000853,95,PO-2026-000853,194469,Paid,2026-01-30,2026-03-08,2026-03-05
854,INV-2026-000854,36,PO-2026-000854,311355,Paid,2025-01-28,2025-03-15,2025-03-12
855,INV-2026-000855,78,PO-2026-000855,26516,Pending,2025-08-23,2025-10-15,
856,INV-2026-000856,58,PO-2026-000856,56714,Paid,2024-03-17,2024-05-07,2024-05-03
857,INV-2026-000857,69,PO-2026-000857,85568,Overdue,2024-02-14,2024-05-04,
858,INV-2026-000858,33,PO-2026-000858,403120,Paid,2026-05-23,2026-07-08,2026-07-05
859,INV-2026-000859,92,PO-2026-000859,233655,Paid,2024-03-10,2024-05-23,2024-05-21
860,INV-2026-000860,36,PO-2026-000860,72598,Paid,2024-10-23,2025-01-06,2024-12-22
861,INV-2026-000861,51,PO-2026-000861,363976,Pending,2025-06-29,2025-09-15,
862,INV-2026-000862,66,PO-2026-000862,299911,Paid,2026-03-09,2026-04-26,2026-04-12
863,INV-2026-000863,1,PO-2026-000863,304839,Paid,2024-08-11,2024-10-08,2024-09-30
864,INV-2026-000864,93,PO-2026-000864,140703,Paid,2024-11-06,2025-01-13,2025-01-12
865,INV-2026-000865,22,PO-2026-000865,28914,Pending,2025-06-30,2025-08-08,
866,INV-2026-000866,36,PO-2026-000866,74715,Paid,2024-10-03,2024-11-03,2024-10-27
867,INV-2026-000867,15,PO-2026-000867,345077,Overdue,2024-12-21,2025-02-25,
868,INV-2026-000868,91,PO-2026-000868,292978,Paid,2024-09-27,2024-11-14,2024-11-05
869,INV-2026-000869,42,PO-2026-000869,333180,Overdue,2026-04-15,2026-05-25,
870,INV-2026-000870,36,PO-2026-000870,139211,Paid,2024-01-17,2024-03-06,2024-02-20
871,INV-2026-000871,89,PO-2026-000871,347792,Pending,2024-09-20,2024-12-02,
872,INV-2026-000872,42,PO-2026-000872,111912,Paid,2025-08-18,2025-11-03,2025-10-30
873,INV-2026-000873,30,PO-2026-000873,385783,Paid,2025-03-20,2025-05-07,2025-04-25
874,INV-2026-000874,24,PO-2026-000874,102007,Paid,2026-04-15,2026-05-29,2026-05-29
875,INV-2026-000875,83,PO-2026-000875,16034,Overdue,2024-11-13,2025-01-19,
876,INV-2026-000876,25,PO-2026-000876,80247,Paid,2024-03-14,2024-05-20,2024-05-20
877,INV-2026-000877,52,PO-2026-000877,384745,Paid,2025-06-23,2025-09-07,2025-08-26
878,INV-2026-000878,49,PO-2026-000878,15861,Paid,2024-04-22,2024-07-18,2024-07-13
879,INV-2026-000879,99,PO-2026-000879,145329,Overdue,2024-05-26,2024-08-05,
880,INV-2026-000880,95,PO-2026-000880,182413,Paid,2026-05-23,2026-08-15,2026-08-05
881,INV-2026-000881,98,PO-2026-000881,237954,Paid,2026-04-15,2026-06-08,2026-05-24
882,INV-2026-000882,32,PO-2026-000882,289964,Pending,2025-12-09,2026-03-04,
883,INV-2026-000883,70,PO-2026-000883,58774,Paid,2025-06-07,2025-07-18,2025-07-03
884,INV-2026-000884,29,PO-2026-000884,123843,Overdue,2025-03-13,2025-04-12,
885,INV-2026-000885,29,PO-2026-000885,363831,Pending,2025-01-28,2025-03-03,
886,INV-2026-000886,15,PO-2026-000886,58339,Paid,2024-10-15,2024-12-03,2024-11-27
887,INV-2026-000887,11,PO-2026-000887,27726,Paid,2025-09-11,2025-10-28,2025-10-25
888,INV-2026-000888,77,PO-2026-000888,361218,Pending,2025-03-11,2025-05-02,
889,INV-2026-000889,14,PO-2026-000889,266751,Paid,2025-11-08,2026-01-13,2026-01-13
890,INV-2026-000890,20,PO-2026-000890,348856,Pending,2024-05-30,2024-08-22,
891,INV-2026-000891,62,PO-2026-000891,40291,Pending,2024-04-25,2024-07-14,
892,INV-2026-000892,42,PO-2026-000892,100353,Paid,2026-02-24,2026-04-09,2026-04-03
893,INV-2026-000893,62,PO-2026-000893,222026,Paid,2025-09-08,2025-10-10,2025-09-28
894,INV-2026-000894,71,PO-2026-000894,287458,Pending,2025-06-30,2025-09-28,
895,INV-2026-000895,75,PO-2026-000895,226166,Paid,2025-06-23,2025-07-27,2025-07-19
896,INV-2026-000896,31,PO-2026-000896,6502,Paid,2024-07-27,2024-09-29,2024-09-27
897,INV-2026-000897,15,PO-2026-000897,188158,Overdue,2025-01-04,2025-02-06,
898,INV-2026-000898,19,PO-2026-000898,294145,Paid,2026-08-11,2026-10-13,2026-10-06
899,INV-2026-000899,96,PO-2026-000899,66465,Paid,2025-12-13,2026-03-04,2026-02-27
900,INV-2026-000900,90,PO-2026-000900,227669,Pending,2025-01-15,2025-03-27,
901,INV-2026-000901,77,PO-2026-000901,87928,Overdue,2024-01-31,2024-03-15,
902,INV-2026-000902,10,PO-2026-000902,303415,Pending,2026-05-01,2026-06-29,
903,INV-2026-000903,61,PO-2026-000903,78459,Paid,2026-02-05,2026-04-14,2026-04-06
904,INV-2026-000904,44,PO-2026-000904,414677,Paid,2025-10-22,2025-11-26,2025-11-20
905,INV-2026-000905,8,PO-2026-000905,341831,Pending,2024-02-02,2024-04-30,
906,INV-2026-000906,2,PO-2026-000906,441564,Paid,2025-03-09,2025-06-04,2025-05-31
907,INV-2026-000907,40,PO-2026-000907,124178,Paid,2025-03-09,2025-04-11,2025-04-05
908,INV-2026-000908,17,PO-2026-000908,116077,Paid,2025-02-14,2025-04-22,2025-04-07
909,INV-2026-000909,96,PO-2026-000909,298231,Paid,2025-09-11,2025-11-14,2025-11-13
910,INV-2026-000910,84,PO-2026-000910,217389,Paid,2026-04-27,2026-07-06,2026-07-04
911,INV-2026-000911,55,PO-2026-000911,146515,Paid,2024-04-21,2024-05-28,2024-05-14
912,INV-2026-000912,43,PO-2026-000912,130582,Paid,2024-10-15,2024-11-26,2024-11-23
913,INV-2026-000913,97,PO-2026-000913,167067,Paid,2024-07-11,2024-08-23,2024-08-08
914,INV-2026-000914,11,PO-2026-000914,301116,Paid,2024-02-15,2024-03-16,2024-03-03
915,INV-2026-000915,41,PO-2026-000915,166797,Overdue,2024-01-09,2024-02-15,
916,INV-2026-000916,25,PO-2026-000916,399181,Pending,2025-02-04,2025-04-03,
917,INV-2026-000917,13,PO-2026-000917,218535,Pending,2026-07-07,2026-08-18,
918,INV-2026-000918,49,PO-2026-000918,312420,Paid,2026-06-08,2026-08-17,2026-08-03
919,INV-2026-000919,60,PO-2026-000919,333179,Overdue,2024-04-05,2024-05-21,
920,INV-2026-000920,19,PO-2026-000920,381729,Pending,2024-06-13,2024-08-20,
921,INV-2026-000921,17,PO-2026-000921,157484,Paid,2025-01-03,2025-03-14,2025-03-09
922,INV-2026-000922,92,PO-2026-000922,363022,Paid,2025-01-31,2025-04-01,2025-03-23
923,INV-2026-000923,81,PO-2026-000923,56068,Overdue,2026-04-04,2026-05-23,
924,INV-2026-000924,12,PO-2026-000924,54342,Paid,2025-04-10,2025-06-13,2025-06-06
925,INV-2026-000925,36,PO-2026-000925,195488,Paid,2024-12-27,2025-03-10,2025-03-01
926,INV-2026-000926,59,PO-2026-000926,253125,Pending,2024-09-19,2024-10-26,
927,INV-2026-000927,73,PO-2026-000927,25757,Overdue,2025-01-07,2025-04-07,
928,INV-2026-000928,88,PO-2026-000928,236120,Paid,2025-01-10,2025-02-09,2025-01-30
929,INV-2026-000929,88,PO-2026-000929,270259,Overdue,2025-04-05,2025-06-06,
930,INV-2026-000930,32,PO-2026-000930,435563,Paid,2025-07-28,2025-09-06,2025-09-01
931,INV-2026-000931,21,PO-2026-000931,214337,Paid,2026-05-24,2026-07-20,2026-07-11
932,INV-2026-000932,12,PO-2026-000932,249254,Paid,2025-04-24,2025-07-18,2025-07-04
933,INV-2026-000933,24,PO-2026-000933,61805,Paid,2026-07-28,2026-10-09,2026-10-04
934,INV-2026-000934,43,PO-2026-000934,171348,Paid,2024-12-16,2025-01-21,2025-01-14
935,INV-2026-000935,61,PO-2026-000935,150948,Paid,2025-04-10,2025-06-11,2025-06-02
936,INV-2026-000936,28,PO-2026-000936,302903,Paid,2024-02-02,2024-04-05,2024-03-21
937,INV-2026-000937,47,PO-2026-000937,230501,Paid,2025-04-29,2025-06-17,2025-06-11
938,INV-2026-000938,98,PO-2026-000938,226732,Paid,2024-10-03,2024-11-11,2024-11-01
939,INV-2026-000939,52,PO-2026-000939,161414,Paid,2026-06-13,2026-08-31,2026-08-19
940,INV-2026-000940,86,PO-2026-000940,141025,Pending,2024-07-07,2024-09-29,
941,INV-2026-000941,97,PO-2026-000941,91262,Paid,2024-07-22,2024-10-02,2024-09-27
942,INV-2026-000942,89,PO-2026-000942,89247,Paid,2025-12-14,2026-02-15,2026-01-31
943,INV-2026-000943,77,PO-2026-000943,45794,Pending,2026-01-10,2026-03-31,
944,INV-2026-000944,94,PO-2026-000944,437660,Paid,2026-01-24,2026-04-10,2026-04-02
945,INV-2026-000945,59,PO-2026-000945,82325,Paid,2025-05-26,2025-07-11,2025-06-26
946,INV-2026-000946,93,PO-2026-000946,241222,Overdue,2026-08-23,2026-11-14,
947,INV-2026-000947,82,PO-2026-000947,308236,Paid,2024-04-09,2024-05-18,2024-05-09
948,INV-2026-000948,70,PO-2026-000948,92084,Paid,2025-09-07,2025-10-29,2025-10-19
949,INV-2026-000949,25,PO-2026-000949,361320,Paid,2025-08-13,2025-10-09,2025-09-27
950,INV-2026-000950,40,PO-2026-000950,434418,Pending,2026-06-07,2026-07-07,
951,INV-2026-000951,46,PO-2026-000951,439207,Pending,2025-07-09,2025-09-02,
952,INV-2026-000952,23,PO-2026-000952,229596,Paid,2025-01-17,2025-03-14,2025-03-03
953,INV-2026-000953,85,PO-2026-000953,361663,Pending,2025-03-23,2025-04-30,
954,INV-2026-000954,14,PO-2026-000954,345590,Overdue,2024-01-17,2024-04-05,
955,INV-2026-000955,97,PO-2026-000955,290597,Paid,2024-04-12,2024-07-03,2024-06-27
956,INV-2026-000956,54,PO-2026-000956,121852,Paid,2026-03-06,2026-05-20,2026-05-12
957,INV-2026-000957,16,PO-2026-000957,421154,Paid,2026-07-24,2026-09-15,2026-09-15
958,INV-2026-000958,48,PO-2026-000958,122407,Paid,2025-06-03,2025-08-22,2025-08-10
959,INV-2026-000959,54,PO-2026-000959,131644,Paid,2024-01-05,2024-03-10,2024-03-04
960,INV-2026-000960,48,PO-2026-000960,433189,Pending,2025-06-15,2025-08-23,
961,INV-2026-000961,74,PO-2026-000961,131789,Paid,2025-07-23,2025-10-15,2025-10-07
962,INV-2026-000962,74,PO-2026-000962,72565,Paid,2026-08-19,2026-10-03,2026-09-28
963,INV-2026-000963,41,PO-2026-000963,88070,Paid,2025-03-23,2025-05-22,2025-05-07
964,INV-2026-000964,81,PO-2026-000964,416189,Overdue,2025-02-05,2025-05-06,
965,INV-2026-000965,42,PO-2026-000965,53892,Paid,2024-04-05,2024-06-16,2024-06-04
966,INV-2026-000966,76,PO-2026-000966,19584,Pending,2025-09-24,2025-12-21,
967,INV-2026-000967,4,PO-2026-000967,389916,Pending,2024-05-13,2024-06-27,
968,INV-2026-000968,84,PO-2026-000968,121263,Paid,2024-10-31,2025-01-07,2024-12-26
969,INV-2026-000969,85,PO-2026-000969,149160,Paid,2024-03-25,2024-04-27,2024-04-17
970,INV-2026-000970,77,PO-2026-000970,61139,Paid,2024-05-25,2024-07-17,2024-07-03
971,INV-2026-000971,64,PO-2026-000971,194476,Overdue,2026-07-23,2026-08-29,
972,INV-2026-000972,3,PO-2026-000972,43574,Paid,2025-05-13,2025-08-07,2025-08-05
973,INV-2026-000973,49,PO-2026-000973,169408,Paid,2025-10-10,2025-12-28,2025-12-15
974,INV-2026-000974,2,PO-2026-000974,98678,Pending,2025-11-06,2026-01-30,
975,INV-2026-000975,45,PO-2026-000975,326915,Paid,2025-09-06,2025-10-25,2025-10-19
976,INV-2026-000976,33,PO-2026-000976,68750,Paid,2024-07-16,2024-09-12,2024-09-05
977,INV-2026-000977,98,PO-2026-000977,118406,Paid,2026-06-06,2026-08-09,2026-08-01
978,INV-2026-000978,18,PO-2026-000978,48748,Paid,2026-01-15,2026-04-07,2026-03-29
979,INV-2026-000979,26,PO-2026-000979,53218,Pending,2024-12-22,2025-01-29,
980,INV-2026-000980,64,PO-2026-000980,273779,Pending,2026-08-27,2026-09-30,
981,INV-2026-000981,88,PO-2026-000981,381122,Overdue,2024-10-14,2024-12-27,
982,INV-2026-000982,27,PO-2026-000982,383567,Pending,2025-05-14,2025-07-03,
983,INV-2026-000983,35,PO-2026-000983,172116,Overdue,2025-09-29,2025-11-21,
984,INV-2026-000984,48,PO-2026-000984,336716,Overdue,2026-04-19,2026-06-16,
985,INV-2026-000985,66,PO-2026-000985,312688,Pending,2025-02-23,2025-04-07,
986,INV-2026-000986,15,PO-2026-000986,429170,Paid,2024-11-26,2025-01-24,2025-01-17
987,INV-2026-000987,10,PO-2026-000987,349433,Paid,2025-01-15,2025-03-07,2025-03-01
988,INV-2026-000988,41,PO-2026-000988,10715,Pending,2026-01-04,2026-03-20,
989,INV-2026-000989,42,PO-2026-000989,126974,Paid,2025-07-29,2025-10-05,2025-10-05
990,INV-2026-000990,68,PO-2026-000990,58959,Paid,2025-07-28,2025-10-07,2025-09-24
991,INV-2026-000991,83,PO-2026-000991,362633,Paid,2026-02-13,2026-05-05,2026-04-20
992,INV-2026-000992,7,PO-2026-000992,263963,Pending,2025-05-25,2025-08-16,
993,INV-2026-000993,58,PO-2026-000993,320322,Paid,2024-11-30,2025-02-26,2025-02-15
994,INV-2026-000994,37,PO-2026-000994,342466,Paid,2026-03-13,2026-05-09,2026-05-08
995,INV-2026-000995,52,PO-2026-000995,284690,Overdue,2026-07-29,2026-10-22,
996,INV-2026-000996,9,PO-2026-000996,54870,Pending,2026-04-29,2026-07-18,
997,INV-2026-000997,97,PO-2026-000997,214895,Paid,2024-03-22,2024-05-09,2024-04-29
998,INV-2026-000998,7,PO-2026-000998,161470,Pending,2025-12-14,2026-03-01,
999,INV-2026-000999,80,PO-2026-000999,20355,Paid,2024-08-17,2024-09-21,2024-09-18
1000,INV-2026-001000,42,PO-2026-001000,365499,Paid,2026-01-11,2026-04-02,2026-03-31
