id,vendorId,date,onTimeDeliveryPercent,qualityRating,responseTimeHours,issueResolutionDays,defectRatePercent,orderCompletionPercent
1,92,2024-01-17,95,4.87,11,6,9.08,91
2,80,2025-06-09,82,3.54,22,6,12.78,72
3,36,2024-02-23,78,4.76,4,8,4.85,70
4,84,2024-02-11,60,4.25,34,8,14.94,81
5,35,2024-02-02,92,4.99,59,11,1.3,95
6,17,2025-01-24,84,2.53,3,5,5.77,90
7,50,2026-04-02,47,4.24,35,12,5.69,83
8,66,2026-08-23,99,4.98,55,7,10.64,68
9,45,2026-07-24,91,3.15,25,8,4.3,65
10,58,2024-01-24,87,2.71,41,14,7.68,67
11,17,2024-06-06,96,4.41,32,2,2.74,64
12,74,2026-01-24,96,3.09,12,14,1.22,60
13,44,2025-09-19,84,2.68,59,11,13.11,66
14,16,2024-07-09,48,4.26,26,15,11.22,65
15,12,2024-08-03,90,4.88,1,7,11.89,74
16,7,2026-04-17,90,2.7,42,11,7.99,90
17,26,2026-06-04,90,4.97,24,8,4.39,97
18,8,2024-09-26,73,2.96,1,2,2.72,72
19,19,2024-07-11,79,3.94,25,12,1.95,64
20,24,2024-10-30,99,3.3,30,3,5.98,97
21,77,2026-01-23,71,3.77,37,4,6.46,82
22,31,2024-03-04,78,2.52,33,5,11.34,64
23,9,2024-03-22,76,3.36,8,10,11.36,87
24,87,2024-11-22,93,4.75,58,1,14.66,65
25,76,2025-08-05,94,4.79,47,12,10.25,64
26,34,2025-01-14,91,4.6,58,6,11.16,90
27,64,2024-08-21,64,4.41,41,9,14.99,72
28,76,2024-11-28,55,2.61,46,7,7.03,89
29,52,2025-03-05,74,4.67,60,8,2.38,84
30,4,2025-01-09,53,4.47,49,14,9.52,85
31,2,2024-08-10,72,4.48,23,3,8.93,71
32,13,2025-05-24,46,3.48,20,5,5.13,61
33,51,2025-09-13,55,3.26,71,5,3.49,91
34,93,2024-12-27,76,3.58,21,8,14.54,63
35,14,2025-06-15,49,4.88,62,10,4.41,75
36,64,2024-06-11,96,3.04,63,1,14.36,100
37,44,2025-06-26,85,3.28,55,10,1.92,68
38,37,2024-03-05,66,4.31,17,6,8.52,90
39,3,2026-07-20,73,3.43,32,4,14.17,74
40,41,2025-08-14,85,4.79,61,13,4.28,81
41,43,2026-07-22,89,2.99,17,6,11.75,96
42,30,2025-07-30,90,3.98,31,14,12.31,91
43,61,2024-11-25,46,3.28,13,7,11.28,99
44,11,2026-03-21,78,3.73,35,2,6.8,72
45,99,2024-09-09,62,4.28,47,14,11.69,90
46,29,2024-05-29,85,2.51,46,14,9.35,95
47,35,2026-04-23,65,3.71,41,10,13.26,72
48,83,2025-06-20,57,4.89,16,5,11.03,72
49,65,2024-11-01,63,3.12,49,7,10.54,60
50,34,2024-03-21,58,2.86,4,1,9.81,86
51,48,2024-06-09,74,4.44,19,8,9.43,95
52,77,2024-07-21,73,4.4,14,15,4.18,77
53,91,2024-05-06,83,3.63,21,10,2.02,61
54,7,2025-07-17,65,3.88,48,3,4.8,84
55,4,2026-05-06,85,3.59,42,7,2.75,99
56,98,2026-06-23,47,4.11,42,10,11.37,62
57,66,2024-05-23,48,4.31,17,8,1.05,64
58,20,2024-12-12,51,3.81,31,2,11.34,82
59,11,2025-06-21,71,3.36,9,8,6.07,63
60,54,2025-04-04,86,4.47,20,9,12.36,73
61,21,2024-01-25,52,4.41,34,4,3.67,95
62,7,2026-02-15,86,4.61,29,8,0.73,74
63,30,2026-02-13,54,4.89,18,9,4.86,84
64,82,2025-11-16,87,3.49,66,13,4.42,61
65,92,2024-08-01,89,3.54,9,1,3.08,62
66,30,2025-06-05,82,3.73,45,12,1.3,83
67,22,2024-10-15,70,3.03,69,1,13.74,99
68,35,2024-09-19,80,3.44,50,3,12.54,98
69,43,2025-04-07,57,3.32,34,7,1.88,78
70,4,2024-04-25,73,4.01,66,13,6.14,71
71,6,2026-05-02,69,4.51,27,4,11.42,79
72,89,2024-08-23,88,3.04,39,6,7.01,100
73,73,2026-04-29,98,3.13,66,1,4.72,73
74,24,2025-09-08,66,3.02,50,12,4.98,85
75,97,2024-03-20,55,4.8,62,9,8.99,75
76,79,2026-08-27,51,4.71,4,10,0.85,60
77,36,2024-04-09,45,3.26,49,12,8.56,70
78,7,2024-03-18,68,3.04,25,7,11.15,83
79,36,2024-11-05,71,4.13,39,13,0.62,67
80,19,2026-06-20,61,3.64,27,2,13.8,61
81,61,2025-12-12,56,2.54,12,12,3.6,97
82,72,2024-08-08,62,3.18,62,2,11.0,69
83,9,2025-02-26,70,4.2,4,1,7.51,89
84,23,2025-12-27,45,3.94,6,11,1.04,77
85,37,2024-08-28,91,3.7,35,1,10.1,72
86,89,2025-07-26,73,4.53,6,14,8.49,87
87,90,2025-01-11,76,4.48,7,5,5.52,98
88,59,2026-01-13,97,3.68,21,6,9.91,83
89,71,2025-01-16,79,2.86,45,7,2.69,85
90,60,2025-11-22,67,4.42,19,14,10.12,91
91,70,2024-12-06,71,3.4,56,2,9.07,68
92,46,2024-12-17,86,3.67,70,14,10.24,62
93,65,2026-05-21,85,2.86,44,9,9.53,70
94,74,2026-04-23,53,4.94,27,14,10.43,65
95,54,2024-01-05,52,4.98,70,1,7.84,96
96,33,2025-05-15,80,4.16,22,12,3.48,81
97,15,2025-11-03,65,4.33,48,9,14.06,93
98,51,2024-08-19,59,3.94,53,12,11.3,66
99,82,2026-03-30,86,3.63,25,12,0.11,92
100,14,2026-02-12,76,2.86,10,12,14.26,75
101,52,2024-01-25,64,4.56,70,11,1.54,72
102,3,2024-03-09,46,3.24,27,3,12.43,64
103,33,2025-12-15,73,4.88,55,6,9.96,60
104,77,2025-08-26,64,3.36,48,4,4.63,99
105,62,2025-05-26,85,4.04,6,11,7.42,62
106,41,2026-02-27,67,2.58,61,14,11.99,94
107,13,2025-01-24,72,4.22,45,11,7.41,61
108,5,2024-03-25,76,4.4,12,8,3.86,65
109,32,2024-09-04,91,4.58,13,8,5.76,81
110,78,2024-08-09,75,2.59,40,9,11.68,88
111,79,2026-08-15,71,2.74,17,10,12.95,61
112,65,2025-02-01,73,2.67,24,8,4.19,96
113,69,2025-05-17,86,4.31,33,10,1.85,93
114,23,2025-03-12,73,3.23,21,1,4.43,81
115,15,2024-01-06,88,2.89,10,4,7.28,75
116,50,2024-07-06,94,4.36,23,13,5.71,79
117,29,2024-04-13,66,4.66,64,4,10.74,67
118,22,2024-01-22,53,2.83,4,8,7.49,87
119,91,2025-04-30,78,4.74,48,11,8.2,86
120,5,2026-06-17,62,3.59,55,2,1.07,76
121,86,2024-05-03,67,3.69,65,15,3.72,68
122,4,2025-01-17,55,2.72,24,11,3.03,94
123,72,2024-02-10,61,3.69,24,10,6.26,95
124,30,2025-01-15,57,2.87,18,12,10.55,60
125,8,2025-06-27,77,4.47,15,9,10.02,97
126,2,2026-03-31,64,4.7,18,6,13.82,90
127,28,2025-02-01,57,4.16,62,8,3.29,71
128,71,2024-05-28,85,4.07,10,3,10.04,92
129,98,2026-02-10,49,3.69,10,10,2.55,100
130,53,2026-02-09,98,4.06,29,14,4.01,63
131,56,2025-02-04,47,4.68,51,1,2.97,83
132,58,2025-09-21,83,4.59,29,12,13.62,90
133,66,2025-05-24,71,4.12,21,4,9.02,78
134,99,2025-12-22,49,3.58,4,7,1.09,65
135,100,2025-04-20,54,4.43,6,6,4.23,77
136,84,2024-11-30,96,4.97,44,5,12.56,98
137,40,2025-12-12,99,4.87,66,8,5.85,97
138,72,2024-12-16,88,4.01,18,8,5.12,91
139,69,2026-06-14,78,4.04,9,5,9.47,77
140,37,2025-08-02,83,3.78,41,15,13.6,75
141,25,2024-10-12,67,4.93,25,14,5.09,86
142,34,2026-04-01,83,3.56,25,13,9.23,68
143,99,2024-07-28,89,3.24,47,12,8.19,80
144,60,2025-10-15,82,3.8,16,12,10.87,78
145,32,2025-01-18,58,4.0,44,3,13.32,91
146,32,2024-12-15,70,3.71,35,15,8.57,94
147,19,2025-02-06,61,4.01,33,2,14.5,95
148,1,2025-08-20,49,2.97,33,15,7.48,95
149,36,2025-10-05,77,3.92,26,5,0.86,87
150,63,2024-07-04,83,2.77,56,7,4.77,68
151,16,2024-04-20,68,4.4,7,1,12.72,77
152,71,2024-07-28,79,3.17,13,15,11.17,87
153,6,2026-01-06,87,3.92,2,2,5.13,99
154,36,2026-02-08,63,3.57,30,4,9.31,96
155,35,2024-11-20,80,3.38,31,3,0.44,97
156,98,2024-06-13,59,2.93,50,4,8.17,61
157,12,2024-09-09,81,4.35,35,13,7.35,66
158,53,2024-10-13,59,3.11,22,15,2.69,74
159,14,2026-05-19,45,3.1,40,7,8.74,98
160,50,2025-03-29,73,3.03,13,14,1.32,88
161,20,2024-07-29,92,4.72,49,1,8.16,77
162,87,2025-06-03,76,3.59,68,6,4.9,91
163,79,2025-09-07,69,4.6,27,6,2.25,64
164,90,2025-02-18,88,3.44,52,4,3.35,82
165,36,2024-01-25,60,4.29,30,7,9.05,90
166,88,2025-02-02,81,3.11,9,8,10.72,61
167,74,2026-07-20,67,3.4,3,8,6.6,88
168,55,2025-05-05,50,3.59,45,4,4.11,76
169,21,2026-05-16,55,3.05,67,10,8.01,72
170,5,2024-04-04,69,3.41,30,2,10.64,70
171,79,2025-04-08,89,3.88,33,2,7.93,76
172,20,2024-08-22,63,2.85,56,5,13.08,71
173,53,2024-02-23,64,2.92,9,4,13.09,99
174,74,2026-07-05,86,4.46,23,5,8.26,87
175,22,2026-03-02,60,2.54,26,10,10.72,64
176,13,2025-07-20,62,4.54,23,9,1.95,89
177,98,2026-03-16,68,4.31,20,9,13.99,75
178,2,2025-05-31,65,4.64,35,9,12.22,92
179,8,2024-09-04,70,2.84,7,8,2.42,68
180,78,2025-12-28,98,3.42,36,8,3.76,71
181,15,2024-01-01,90,3.12,6,2,14.74,68
182,37,2025-07-08,74,3.82,63,11,11.34,95
183,93,2026-03-16,70,4.72,60,11,14.15,82
184,78,2024-06-19,81,4.3,52,13,3.85,86
185,65,2026-05-12,99,3.75,5,4,1.19,83
186,39,2024-01-25,52,4.01,53,7,5.7,83
187,41,2026-02-07,76,3.0,3,4,6.59,100
188,19,2024-09-07,73,4.66,18,11,11.93,85
189,19,2025-12-30,46,4.75,57,5,7.35,89
190,60,2024-09-08,68,4.71,60,3,6.3,63
191,19,2026-07-20,85,4.81,38,6,0.89,89
192,50,2025-07-18,86,4.68,10,10,4.48,92
193,62,2024-11-13,47,4.83,62,2,5.35,72
194,65,2024-10-03,55,2.53,13,3,11.19,95
195,8,2024-12-08,46,3.77,67,6,0.46,85
196,79,2025-08-22,74,3.37,42,5,5.58,93
197,16,2026-01-16,73,4.4,56,13,7.76,95
198,96,2025-11-07,81,3.76,20,15,12.39,81
199,92,2024-04-05,73,4.33,35,3,2.22,72
200,79,2024-05-16,69,3.19,29,1,0.76,60
201,25,2025-03-13,71,3.92,54,13,12.41,69
202,71,2026-05-29,81,3.14,27,1,14.87,70
203,5,2026-08-05,61,4.32,9,4,7.08,70
204,87,2026-01-15,76,2.79,59,13,13.5,99
205,48,2025-10-08,99,3.67,34,10,8.42,81
206,86,2026-03-07,65,3.82,67,11,4.26,98
207,32,2024-11-03,59,4.54,56,8,4.16,92
208,64,2024-04-19,91,4.98,7,10,4.58,76
209,19,2026-07-15,80,3.06,29,15,14.35,89
210,20,2025-03-05,51,4.24,65,6,6.25,85
211,73,2026-03-04,66,3.25,32,3,9.38,64
212,41,2024-12-07,48,3.59,56,3,6.27,61
213,48,2025-08-25,52,3.27,63,15,14.97,85
214,28,2024-12-10,70,3.58,31,5,3.72,70
215,21,2024-03-25,83,3.32,49,14,1.33,65
216,95,2024-02-22,45,2.88,55,8,13.46,69
217,1,2025-11-26,75,2.94,18,5,14.76,83
218,88,2024-12-04,97,4.25,12,1,2.56,79
219,13,2026-03-19,47,4.99,11,1,9.25,72
220,22,2025-09-22,70,4.56,63,2,4.08,78
221,68,2026-05-22,49,4.58,37,3,1.07,98
222,34,2025-12-06,55,4.11,66,2,7.5,74
223,37,2026-04-09,47,3.48,44,11,2.53,90
224,58,2025-03-04,67,4.88,40,5,9.84,85
225,31,2025-04-17,95,4.96,40,11,4.97,75
226,20,2024-05-31,90,2.89,11,1,8.86,67
227,14,2025-08-16,73,2.82,10,5,11.58,80
228,31,2026-01-16,90,3.7,53,2,13.96,95
229,76,2025-01-07,64,4.84,27,15,7.15,62
230,21,2025-02-02,70,2.98,9,1,0.57,76
231,24,2025-04-05,97,3.74,51,13,10.67,80
232,18,2026-06-07,97,3.32,55,11,4.79,96
233,90,2026-06-15,56,2.52,22,5,6.3,91
234,43,2024-10-11,54,2.61,18,4,7.74,91
235,26,2025-12-29,91,2.95,5,13,0.24,83
236,44,2024-07-25,96,4.04,44,1,1.66,92
237,28,2025-08-27,54,3.33,65,5,8.01,93
238,79,2025-07-14,84,2.99,6,8,14.47,97
239,38,2025-02-21,79,4.99,59,1,4.34,61
240,76,2026-08-09,85,4.91,9,8,12.46,86
241,60,2024-09-28,83,3.93,41,14,8.9,88
242,39,2025-02-08,86,4.63,30,11,13.58,76
243,34,2024-09-01,45,3.83,6,4,14.28,88
244,51,2026-04-13,45,3.58,10,13,12.07,94
245,70,2025-05-23,71,2.54,40,13,9.04,63
246,75,2026-08-05,58,3.84,71,5,11.72,75
247,50,2025-12-02,80,4.31,23,9,9.88,60
248,55,2026-08-11,50,3.32,32,8,0.41,68
249,96,2026-07-16,91,3.15,38,11,3.93,70
250,55,2024-11-12,58,4.32,47,2,11.5,78
251,70,2026-05-23,89,3.87,9,2,14.74,67
252,1,2024-12-11,60,2.66,35,3,1.79,88
253,16,2025-11-15,77,4.41,69,8,7.71,90
254,79,2025-02-01,62,4.46,46,13,1.47,71
255,25,2024-03-05,79,4.86,3,15,13.72,65
256,21,2025-05-05,54,3.36,67,14,10.37,72
257,97,2024-04-16,85,3.38,44,14,5.9,87
258,66,2025-05-10,94,4.53,28,3,2.93,100
259,100,2025-07-24,82,4.37,9,12,3.48,91
260,99,2025-04-08,74,3.47,48,4,13.51,62
261,25,2025-03-01,45,3.93,3,11,14.02,81
262,96,2026-05-13,98,2.52,41,14,7.01,68
263,13,2025-07-20,83,3.8,15,10,2.12,91
264,71,2024-11-20,91,4.4,16,10,12.18,100
265,32,2024-02-26,64,3.84,55,5,0.68,66
266,39,2024-06-05,87,4.91,18,12,3.95,84
267,36,2024-11-11,66,4.62,10,9,5.52,91
268,95,2026-06-09,64,3.52,4,5,4.98,65
269,18,2026-02-25,78,4.01,13,6,1.79,76
270,43,2024-08-25,65,4.72,24,10,3.26,65
271,7,2026-04-11,62,3.28,71,13,8.17,65
272,92,2024-04-12,80,4.84,70,5,13.6,79
273,52,2025-11-04,93,4.83,40,15,13.18,65
274,43,2024-01-05,62,4.35,18,2,1.51,97
275,14,2024-06-11,75,2.61,47,7,8.18,76
276,76,2025-10-26,80,4.74,32,2,5.08,71
277,73,2024-06-22,89,4.67,3,8,3.35,68
278,95,2025-11-28,97,4.66,66,4,14.85,60
279,67,2025-03-16,62,3.94,25,8,8.26,63
280,28,2024-05-19,84,4.17,25,14,7.96,82
281,52,2025-12-24,82,3.53,37,5,3.81,67
282,54,2025-08-27,61,4.12,64,1,14.67,85
283,25,2024-05-02,92,3.13,17,10,2.85,97
284,86,2026-01-18,60,2.83,6,4,14.97,62
285,10,2024-01-03,88,3.49,28,5,14.4,96
286,84,2025-04-02,58,4.29,2,7,1.69,73
287,19,2025-01-22,54,4.31,16,14,5.59,86
288,85,2024-05-29,78,4.2,57,11,3.1,100
289,27,2025-03-23,69,3.38,32,8,7.38,77
290,7,2026-02-05,61,2.51,60,3,1.01,63
291,59,2024-10-17,78,3.22,53,2,13.23,69
292,36,2024-03-07,56,3.57,2,8,11.81,93
293,76,2026-05-09,74,3.37,29,8,3.09,77
294,62,2024-01-18,69,3.17,62,4,6.63,68
295,100,2025-06-05,60,4.11,50,4,14.8,95
296,83,2024-10-05,54,2.77,48,9,3.9,66
297,85,2024-09-04,78,4.5,52,1,1.04,66
298,37,2026-08-01,61,4.52,72,14,9.24,93
299,24,2024-12-01,85,3.74,68,1,2.32,61
300,99,2024-07-17,89,4.42,54,10,5.19,90
301,24,2025-08-23,51,4.33,55,5,10.47,77
302,26,2024-07-19,85,3.5,46,2,5.76,99
303,32,2025-06-29,65,2.61,44,6,7.12,75
304,43,2025-08-01,76,3.07,72,1,10.38,66
305,18,2026-01-26,59,3.53,6,4,7.06,94
306,10,2026-01-25,51,4.2,71,8,10.8,74
307,28,2025-02-22,58,3.43,5,5,0.27,97
308,16,2026-08-03,62,4.11,58,15,3.22,81
309,31,2026-08-18,84,2.8,33,13,9.02,100
310,98,2026-08-06,60,2.61,36,9,2.59,60
311,63,2025-05-30,97,4.98,53,15,5.03,65
312,75,2026-08-15,59,4.81,36,1,6.46,82
313,46,2025-08-08,93,3.63,22,1,11.11,100
314,3,2026-01-20,87,3.19,23,14,2.44,62
315,23,2025-11-08,57,4.57,26,3,4.5,63
316,58,2025-01-10,59,4.05,5,2,10.91,73
317,81,2025-12-05,93,4.7,39,14,10.33,69
318,9,2024-02-05,98,4.75,61,7,0.21,83
319,69,2024-08-04,56,4.21,54,2,1.36,70
320,10,2024-09-29,54,3.54,56,4,10.53,70
321,92,2024-12-03,78,4.28,68,15,13.99,97
322,58,2025-03-11,55,4.57,69,11,8.55,88
323,23,2024-08-07,84,4.59,57,5,4.8,98
324,94,2026-03-02,96,4.43,3,4,6.15,84
325,69,2024-08-23,74,4.82,15,13,10.45,63
326,95,2025-12-30,89,3.83,15,9,7.24,97
327,95,2026-03-29,97,2.84,67,3,8.13,74
328,17,2024-09-04,60,4.77,66,14,9.14,64
329,69,2024-12-06,80,2.71,68,9,1.49,76
330,71,2024-05-23,53,4.57,6,7,7.41,73
331,29,2025-03-08,89,4.09,67,3,9.41,64
332,93,2026-05-17,85,3.87,42,8,2.55,77
333,44,2026-06-02,46,2.58,2,13,0.51,61
334,93,2025-08-22,46,2.71,22,13,11.16,100
335,11,2025-10-25,50,4.22,62,13,1.56,94
336,48,2024-11-16,48,4.47,4,12,2.33,82
337,49,2024-09-24,88,2.79,65,11,4.42,78
338,21,2025-05-03,50,3.86,19,10,10.06,94
339,37,2025-05-28,76,3.81,10,3,2.72,78
340,80,2025-04-23,95,2.61,49,8,0.7,87
341,4,2025-01-21,47,4.0,1,11,3.99,75
342,45,2024-06-02,85,3.35,47,12,7.79,93
343,52,2025-06-07,69,3.91,31,7,2.32,77
344,30,2026-03-14,65,3.42,7,6,4.72,70
345,74,2024-02-24,69,4.32,71,12,0.69,90
346,53,2026-03-01,58,3.1,72,8,9.31,61
347,80,2024-10-01,94,4.09,68,3,1.97,63
348,7,2026-07-26,52,4.66,33,14,7.98,95
349,68,2026-08-29,92,2.51,34,14,9.69,95
350,61,2025-06-25,76,4.7,32,9,2.99,72
351,83,2025-12-14,49,3.5,32,3,10.13,69
352,52,2025-02-21,84,4.19,22,9,8.61,79
353,39,2026-01-09,55,2.55,54,13,10.78,83
354,93,2024-03-25,99,3.82,28,2,4.71,76
355,60,2026-08-26,47,4.56,38,11,5.91,82
356,97,2026-01-08,68,4.39,6,3,6.11,74
357,87,2025-11-15,68,3.35,24,5,2.96,61
358,11,2025-06-09,75,3.44,53,13,4.27,78
359,74,2025-01-12,97,3.83,3,13,3.47,66
360,31,2024-12-05,80,4.24,67,3,12.47,77
361,93,2024-10-23,53,3.66,8,11,10.36,62
362,88,2024-08-01,85,2.64,38,4,3.15,73
363,98,2025-02-08,97,3.39,68,5,8.85,67
364,94,2025-04-10,59,4.52,14,2,1.51,98
365,68,2024-09-03,74,4.3,16,9,0.82,72
366,76,2025-10-21,50,4.08,26,8,3.33,85
367,42,2024-03-26,59,2.6,53,14,0.62,64
368,97,2024-04-07,84,4.4,64,13,14.43,84
369,60,2024-01-11,77,4.65,71,12,12.97,60
370,24,2024-04-24,58,4.55,4,10,1.69,86
371,71,2024-12-07,53,4.59,68,15,0.3,84
372,61,2024-05-02,85,4.26,34,12,4.33,98
373,93,2024-05-17,71,4.79,28,7,5.58,82
374,8,2025-10-16,49,3.28,10,13,1.94,93
375,99,2025-06-26,81,3.22,70,5,3.47,85
376,62,2024-06-23,66,4.6,18,13,14.95,72
377,93,2024-10-08,55,4.85,65,3,1.2,88
378,43,2024-05-13,66,3.55,12,5,14.01,78
379,67,2026-03-07,79,3.52,6,14,5.57,61
380,44,2025-06-15,60,3.73,51,7,6.59,62
381,89,2026-08-19,51,2.79,17,7,11.73,61
382,6,2025-02-03,57,4.69,8,9,13.29,83
383,51,2024-03-15,83,2.72,4,7,2.39,89
384,42,2024-12-30,92,3.03,23,13,3.36,81
385,7,2025-05-12,97,3.57,71,3,6.6,66
386,81,2024-08-03,99,3.71,72,11,13.55,99
387,68,2024-01-06,98,3.16,6,2,3.71,95
388,68,2026-01-24,73,4.45,44,5,3.64,95
389,68,2026-01-11,53,3.52,28,4,9.71,99
390,16,2025-09-12,48,2.76,48,8,10.4,61
391,7,2024-07-05,77,3.42,9,13,4.41,96
392,3,2026-02-13,90,4.99,33,10,12.13,85
393,77,2026-06-09,90,3.93,54,13,9.4,84
394,100,2026-02-02,87,3.24,71,11,9.11,98
395,94,2024-05-28,88,4.2,59,2,13.35,78
396,69,2024-05-30,95,3.42,50,11,14.28,75
397,43,2025-08-06,81,2.76,3,13,7.56,79
398,80,2024-07-08,95,4.94,25,3,13.37,66
399,100,2025-02-17,96,4.55,38,13,2.21,87
400,73,2025-07-25,80,4.9,8,7,9.37,61
401,61,2025-10-19,54,3.49,16,8,11.48,61
402,57,2025-06-16,56,4.37,40,9,14.15,74
403,78,2024-05-21,59,3.31,47,11,3.74,93
404,85,2025-02-21,80,4.39,37,14,0.15,82
405,85,2025-02-19,52,4.95,56,6,0.55,69
406,76,2026-03-13,93,3.4,19,7,9.95,65
407,71,2024-01-16,69,3.93,45,7,9.49,73
408,72,2026-02-23,75,4.52,13,11,12.48,69
409,25,2026-05-13,96,3.82,44,15,11.28,76
410,25,2026-05-20,94,3.17,70,3,3.68,79
411,66,2025-05-04,62,4.07,6,14,0.54,70
412,97,2024-03-05,59,2.5,66,7,9.05,84
413,8,2025-11-15,52,4.58,50,9,3.11,65
414,25,2025-06-24,97,4.03,4,1,14.19,84
415,8,2026-05-28,84,4.12,11,5,9.48,64
416,95,2025-06-18,65,2.64,53,13,2.74,100
417,26,2024-08-13,82,4.87,53,11,2.24,83
418,82,2025-02-04,62,3.18,64,8,6.7,78
419,21,2026-02-20,48,4.29,58,15,2.18,85
420,53,2026-02-02,87,2.83,18,6,0.39,65
421,63,2024-06-13,91,4.06,61,15,5.83,63
422,73,2025-02-10,89,4.83,9,13,11.69,61
423,68,2024-08-25,88,3.83,9,4,3.06,89
424,12,2024-07-26,53,4.89,41,6,10.75,70
425,45,2024-07-28,70,2.77,70,15,1.28,60
426,22,2026-02-07,88,2.75,21,1,5.76,74
427,55,2025-08-10,60,4.56,41,3,7.07,94
428,45,2024-10-30,69,2.8,28,8,1.21,94
429,40,2024-05-24,61,3.98,22,14,8.72,63
430,51,2024-08-30,63,3.78,13,7,4.2,63
431,58,2026-08-07,58,4.21,14,7,7.11,66
432,19,2024-03-17,74,4.35,64,11,7.75,71
433,2,2025-07-03,98,2.9,12,15,7.42,97
434,24,2024-06-24,51,4.07,34,9,13.97,86
435,74,2025-03-24,79,3.35,63,13,11.0,98
436,30,2026-06-16,93,3.57,30,14,12.36,75
437,15,2024-01-30,99,3.79,70,11,14.94,86
438,44,2025-07-11,59,3.93,58,12,0.44,97
439,93,2025-02-16,85,3.57,16,8,7.23,63
440,64,2025-01-08,60,4.75,67,13,12.13,60
441,98,2024-07-03,45,3.44,19,2,9.92,70
442,29,2024-01-16,85,3.37,21,2,14.88,83
443,100,2025-02-18,66,3.85,58,15,1.66,76
444,73,2024-03-15,54,4.33,67,11,11.57,71
445,74,2025-07-24,53,3.32,51,8,11.35,62
446,76,2025-07-08,79,4.43,35,4,6.51,98
447,37,2026-05-21,95,3.87,3,3,1.99,62
448,43,2026-01-06,96,2.58,30,11,12.64,87
449,77,2026-06-22,90,4.23,65,5,9.76,79
450,78,2024-10-17,66,4.62,66,9,9.48,65
451,45,2025-12-12,73,4.07,65,8,14.44,62
452,84,2025-04-03,73,2.73,23,4,13.44,85
453,50,2024-10-08,75,2.99,24,1,14.02,88
454,49,2025-05-21,94,2.69,9,12,9.45,89
455,79,2026-07-26,79,3.73,70,3,12.87,96
456,56,2025-06-12,77,3.74,20,14,12.53,80
457,74,2025-11-28,57,3.73,5,13,9.69,80
458,68,2025-01-12,45,3.5,24,11,9.42,75
459,7,2026-02-12,89,3.17,4,11,13.43,83
460,50,2024-02-01,69,4.32,43,11,6.9,62
461,87,2026-05-22,52,2.92,70,3,11.7,81
462,48,2024-07-19,62,3.13,68,7,6.96,85
463,18,2024-05-16,67,4.57,38,3,9.61,100
464,88,2026-06-06,79,4.35,35,13,5.93,74
465,25,2024-03-22,79,4.9,14,6,6.13,76
466,88,2024-07-01,88,4.79,24,9,11.45,90
467,44,2026-06-08,69,2.92,22,7,14.2,74
468,89,2024-04-18,59,3.36,48,2,3.43,92
469,72,2025-06-15,90,3.48,47,1,14.28,91
470,34,2026-02-13,69,4.87,72,6,0.33,80
471,63,2025-10-05,94,4.2,34,4,0.21,79
472,80,2026-07-24,52,4.69,66,14,8.7,67
473,62,2025-08-18,83,3.71,7,4,7.87,81
474,31,2024-11-10,62,4.48,12,14,5.53,85
475,12,2024-04-19,65,3.23,14,6,12.43,72
476,28,2024-04-09,91,2.93,28,14,6.35,93
477,31,2024-09-29,96,3.57,41,1,0.34,99
478,20,2024-02-06,89,4.66,14,5,14.26,65
479,100,2025-12-13,67,2.94,50,10,7.99,67
480,76,2026-02-14,78,3.68,8,10,11.01,68
481,62,2025-07-25,45,3.18,17,4,12.69,93
482,99,2025-03-02,67,3.51,18,15,5.03,87
483,8,2025-07-05,65,4.66,65,7,11.91,88
484,57,2025-06-06,62,3.25,22,3,7.44,81
485,44,2025-03-08,92,4.73,36,9,9.52,97
486,47,2025-09-21,95,4.67,37,3,7.58,79
487,16,2026-06-22,50,4.53,55,6,0.48,60
488,6,2025-10-24,47,2.89,40,6,9.62,97
489,30,2026-03-29,49,4.9,17,11,13.17,67
490,42,2025-06-18,65,2.67,1,6,5.16,62
491,27,2024-10-17,85,4.08,72,12,2.81,66
492,39,2025-09-26,63,4.63,68,10,5.81,97
493,92,2026-03-18,76,2.86,29,7,6.79,100
494,57,2025-01-10,91,4.87,53,3,11.23,68
495,66,2025-06-22,92,4.26,48,5,3.22,64
496,28,2024-07-13,96,4.53,70,13,12.26,68
497,9,2025-10-03,53,3.0,19,15,12.63,60
498,40,2025-06-16,84,2.73,49,12,0.22,65
499,32,2024-12-19,71,3.16,21,4,10.79,89
500,4,2025-11-12,79,2.91,61,7,7.83,65
501,59,2026-02-03,56,4.47,45,8,7.02,76
502,47,2026-08-22,80,4.07,62,3,5.75,96
503,5,2025-01-26,65,2.86,12,9,12.27,89
504,85,2026-01-05,80,3.1,14,7,0.89,71
505,57,2024-07-22,52,4.11,23,2,6.91,73
506,57,2024-07-09,95,4.29,28,15,8.51,97
507,4,2024-08-07,65,2.95,20,10,14.33,99
508,95,2025-11-04,71,4.7,13,12,6.46,80
509,75,2026-07-07,49,4.1,31,9,8.3,75
510,22,2024-07-27,65,4.13,32,13,8.71,94
511,41,2026-01-24,80,4.85,35,7,1.92,89
512,96,2025-08-07,76,3.05,51,5,3.78,61
513,43,2024-07-03,61,4.66,64,10,10.76,67
514,58,2025-03-26,83,4.56,57,1,2.88,71
515,9,2026-02-16,55,2.64,32,11,13.53,89
516,68,2024-05-21,76,4.3,28,8,10.65,80
517,75,2026-04-11,80,4.86,67,4,2.05,61
518,87,2025-07-15,93,4.93,18,13,5.53,63
519,25,2025-09-13,56,2.59,6,5,11.44,91
520,88,2025-12-01,74,3.8,65,14,8.58,82
521,27,2024-08-30,89,4.35,48,11,7.76,71
522,82,2024-07-25,79,3.49,8,13,12.58,62
523,3,2026-04-14,62,4.94,31,15,5.88,65
524,74,2026-05-05,99,4.49,42,2,6.96,82
525,21,2024-06-20,58,4.68,12,1,11.71,96
526,100,2024-07-22,91,4.85,45,11,0.46,79
527,62,2026-07-22,62,4.13,66,4,0.94,72
528,1,2025-05-26,81,3.54,61,2,3.24,97
529,12,2026-01-19,83,4.92,19,7,0.82,69
530,20,2025-02-23,52,3.02,16,14,10.33,89
531,60,2024-04-28,93,4.15,7,2,9.13,65
532,15,2025-09-24,69,3.51,17,15,2.79,67
533,93,2026-02-17,47,3.62,44,11,11.16,93
534,57,2025-03-17,60,2.99,28,1,4.47,72
535,49,2026-03-06,66,3.02,2,11,2.76,79
536,67,2024-01-24,51,2.87,37,3,1.6,78
537,72,2025-08-13,88,3.49,68,3,13.84,60
538,86,2024-01-18,65,4.95,20,10,4.37,68
539,76,2026-04-09,57,4.25,47,6,10.85,64
540,95,2024-12-19,92,4.14,28,12,10.04,98
541,17,2024-08-22,94,4.24,64,14,0.35,66
542,59,2024-11-30,52,2.85,25,7,14.03,95
543,70,2026-08-22,68,3.47,17,4,12.71,76
544,10,2025-03-08,92,4.45,4,3,14.85,63
545,16,2024-03-02,68,4.04,62,4,8.41,77
546,22,2025-03-17,83,4.05,57,12,10.85,65
547,55,2025-06-27,82,2.56,30,3,1.98,78
548,84,2025-10-19,51,3.36,34,14,2.46,100
549,1,2024-01-18,59,4.25,37,1,3.82,67
550,79,2025-04-07,68,4.77,52,8,8.51,100
551,48,2025-08-27,72,4.73,40,10,1.07,88
552,87,2026-08-26,94,5.0,48,5,6.44,71
553,32,2025-04-17,61,3.7,14,3,12.57,76
554,56,2024-05-05,45,2.78,72,1,11.56,92
555,5,2025-02-12,58,2.57,53,9,3.52,88
556,36,2025-07-11,93,4.86,63,3,6.41,62
557,2,2024-02-01,78,2.74,47,8,1.7,97
558,93,2024-02-13,51,4.94,8,8,1.36,92
559,53,2024-03-22,73,2.75,7,8,10.72,81
560,7,2024-11-03,97,4.68,47,9,14.31,91
561,26,2025-08-01,96,3.5,15,12,3.03,61
562,56,2025-12-21,56,3.37,68,11,5.39,87
563,55,2024-12-07,83,3.13,4,4,1.9,60
564,26,2026-08-02,87,4.51,26,10,6.1,88
565,33,2024-12-27,98,3.59,51,7,12.37,65
566,75,2024-02-02,49,3.81,18,12,12.82,61
567,8,2025-10-03,62,3.51,55,2,4.73,81
568,76,2025-11-13,46,4.39,15,1,6.76,91
569,60,2025-08-22,52,4.78,5,1,11.26,76
570,31,2026-02-14,79,4.42,71,2,12.33,96
571,90,2025-11-14,99,4.27,35,10,0.15,75
572,91,2025-05-28,49,3.29,23,1,3.91,98
573,5,2025-06-25,96,3.97,64,15,13.7,98
574,64,2025-12-02,85,3.06,9,4,7.0,88
575,16,2026-07-18,97,3.54,72,12,4.46,86
576,49,2025-05-06,51,2.87,63,5,14.29,91
577,74,2024-08-03,62,3.12,23,13,4.9,71
578,95,2025-09-17,89,4.92,38,10,8.57,67
579,58,2024-01-27,96,2.54,34,3,13.26,68
580,28,2024-04-18,74,2.63,59,14,13.57,70
581,12,2025-10-07,71,2.64,21,11,10.01,61
582,85,2025-12-01,85,3.15,70,13,1.35,83
583,90,2025-04-04,93,4.04,66,10,7.62,97
584,19,2025-05-30,52,2.71,57,1,10.99,94
585,81,2025-07-13,82,4.91,66,1,12.25,64
586,52,2026-08-27,61,3.26,18,3,11.39,88
587,46,2025-01-17,78,3.78,30,10,14.74,92
588,57,2024-02-17,45,3.85,8,13,0.48,94
589,54,2025-01-24,75,3.3,12,14,12.65,72
590,73,2026-08-14,50,3.25,52,2,11.49,65
591,21,2025-07-27,77,4.73,35,13,2.56,87
592,65,2025-11-11,54,3.66,51,10,14.15,90
593,82,2026-07-15,48,3.17,46,4,10.73,76
594,12,2026-07-10,95,3.95,15,6,6.46,91
595,71,2025-07-25,86,3.12,63,5,10.15,95
596,29,2025-08-17,66,4.31,46,2,11.71,89
597,85,2026-08-06,87,4.1,24,5,9.64,98
598,54,2026-08-16,89,4.1,49,7,8.25,76
599,79,2025-03-30,72,2.56,58,9,4.75,64
600,2,2025-08-16,54,3.9,14,7,2.22,82
601,98,2024-01-01,60,4.56,53,5,8.19,68
602,65,2025-12-14,81,4.9,29,5,8.07,94
603,65,2025-05-06,59,4.04,56,3,14.78,85
604,20,2024-04-01,93,3.82,9,7,0.43,64
605,39,2025-01-01,49,3.04,15,10,13.45,75
606,85,2024-04-20,93,4.97,21,14,13.11,86
607,30,2024-09-11,58,3.69,53,15,0.11,71
608,6,2026-07-20,61,3.3,66,2,6.07,61
609,22,2024-09-25,68,4.77,36,13,4.6,69
610,16,2025-12-14,84,2.74,41,11,0.57,72
611,38,2026-02-12,62,2.57,54,7,12.69,90
612,95,2025-08-31,75,4.74,9,13,7.79,76
613,69,2026-06-06,81,4.38,6,9,8.16,60
614,52,2024-10-04,74,4.58,19,2,4.15,88
615,53,2025-09-29,78,4.62,14,13,3.47,80
616,24,2025-09-24,70,4.07,34,9,6.39,94
617,32,2024-11-15,89,4.94,51,12,9.32,88
618,65,2024-11-17,69,3.92,12,6,5.17,76
619,85,2024-02-29,48,2.78,18,12,9.03,71
620,88,2026-06-29,94,3.69,47,4,10.49,84
621,89,2024-08-20,47,3.38,10,8,1.27,63
622,77,2024-11-17,79,4.38,72,13,5.98,86
623,32,2024-12-01,71,4.94,17,2,7.77,76
624,48,2025-11-02,83,2.64,63,1,0.83,98
625,84,2024-09-13,81,3.25,18,5,8.0,97
626,23,2026-03-15,48,3.23,49,7,10.27,77
627,95,2026-03-19,80,4.03,56,8,6.22,80
628,56,2025-05-16,61,2.9,40,6,6.41,83
629,97,2026-02-25,73,3.35,4,10,6.81,79
630,41,2024-05-13,59,2.98,65,13,9.17,87
631,32,2026-03-13,99,4.46,34,13,6.13,84
632,17,2024-04-21,99,4.08,54,6,10.54,63
633,51,2025-12-12,85,3.34,45,4,13.89,60
634,87,2024-07-04,72,2.9,24,2,2.71,78
635,98,2025-02-14,96,3.63,62,12,9.88,79
636,18,2024-06-30,93,3.29,9,7,0.51,65
637,36,2026-04-14,90,4.96,12,6,13.67,92
638,33,2024-01-16,79,4.49,50,1,0.19,94
639,14,2024-05-10,75,3.97,51,8,10.69,95
640,26,2026-08-11,50,2.93,46,8,13.97,60
641,35,2025-10-15,73,2.84,53,13,4.02,70
642,55,2025-06-25,49,2.87,15,15,2.55,73
643,33,2025-12-14,59,4.34,62,6,3.5,82
644,76,2026-04-18,91,3.46,69,1,6.97,82
645,82,2024-05-06,55,3.42,34,9,2.7,68
646,86,2025-01-05,80,4.24,30,9,4.93,76
647,97,2024-10-19,62,2.62,55,5,4.65,83
648,84,2024-04-24,74,3.35,19,14,3.03,64
649,18,2026-02-22,57,2.89,58,5,11.57,99
650,95,2026-02-21,91,4.94,11,8,6.63,85
651,27,2026-06-07,60,4.16,22,8,2.63,72
652,72,2024-12-28,79,3.45,22,14,1.18,90
653,92,2026-03-13,45,4.14,8,13,12.72,98
654,50,2024-02-03,60,4.57,33,6,10.75,72
655,50,2026-04-29,83,4.99,30,6,10.82,92
656,19,2024-01-13,62,4.06,30,6,12.73,79
657,5,2025-03-27,99,4.8,14,9,1.13,85
658,61,2024-10-12,77,3.22,9,14,6.43,71
659,33,2026-04-25,61,4.79,47,5,4.0,63
660,69,2025-09-26,58,4.55,47,12,1.08,98
661,28,2024-09-03,73,4.26,71,2,0.33,80
662,83,2025-11-07,83,2.81,69,8,14.41,92
663,33,2026-06-25,79,4.34,55,10,7.96,69
664,98,2026-05-07,89,4.0,40,6,7.27,68
665,62,2024-08-26,51,3.19,58,11,2.15,84
666,5,2024-06-28,96,2.72,70,12,14.46,76
667,35,2024-06-15,53,4.76,72,11,3.47,88
668,67,2025-05-26,60,3.1,14,3,14.64,95
669,4,2025-06-13,70,4.8,21,15,8.54,71
670,66,2024-05-04,48,4.28,72,15,3.26,69
671,6,2024-01-17,97,2.79,24,4,2.72,60
672,9,2026-07-20,89,3.81,60,7,5.75,62
673,4,2026-01-02,77,4.6,72,15,12.05,90
674,50,2025-01-27,52,2.53,11,14,4.5,83
675,12,2025-10-27,63,2.65,31,15,8.34,80
676,32,2024-10-09,86,4.86,66,13,0.81,90
677,54,2024-11-12,95,4.38,71,11,2.16,80
678,53,2025-04-13,82,3.29,13,1,0.15,61
679,97,2026-08-24,70,4.79,1,6,12.28,77
680,43,2026-07-13,92,3.97,57,14,1.21,61
681,89,2024-01-14,47,3.59,50,7,4.1,64
682,83,2025-12-21,70,4.79,39,14,1.39,65
683,29,2025-09-20,63,2.5,58,9,4.93,85
684,76,2025-01-11,62,4.43,61,1,7.89,60
685,99,2025-07-21,80,4.4,56,7,8.27,78
686,19,2026-03-14,69,3.84,52,3,5.89,89
687,2,2025-08-02,78,3.09,56,9,8.38,100
688,16,2024-02-01,75,3.82,63,13,9.25,83
689,48,2025-08-06,96,3.98,24,6,6.86,64
690,59,2024-05-15,69,2.56,31,3,0.43,65
691,56,2025-06-18,89,4.41,46,8,12.75,100
692,74,2025-07-20,80,4.58,24,7,0.32,65
693,1,2026-03-13,93,4.86,48,15,2.17,64
694,60,2024-10-24,68,3.34,41,2,6.96,89
695,91,2024-07-08,50,4.18,18,8,4.52,98
696,10,2025-12-30,51,3.85,71,3,4.28,98
697,76,2025-09-09,70,4.85,56,5,2.74,69
698,62,2026-01-08,66,3.78,10,8,0.9,76
699,94,2025-11-28,68,3.17,17,2,12.37,82
700,38,2024-05-09,68,3.72,6,6,6.58,92
701,1,2026-04-30,99,3.94,17,14,13.06,91
702,1,2026-08-05,90,3.94,7,2,9.52,74
703,91,2024-10-12,66,3.53,7,8,2.66,68
704,61,2024-01-06,56,3.76,72,10,4.99,77
705,8,2026-01-04,50,3.71,67,3,2.5,76
706,58,2026-08-04,60,2.73,54,2,5.9,94
707,99,2025-10-18,68,2.52,9,1,11.82,95
708,90,2025-09-17,93,4.87,12,2,8.66,60
709,23,2024-07-09,99,3.66,14,14,9.89,80
710,55,2024-02-24,50,4.37,6,12,5.5,88
711,73,2025-08-30,53,3.0,5,8,1.16,87
712,41,2026-06-17,88,2.54,62,5,13.6,65
713,65,2024-08-20,81,4.46,72,12,4.98,78
714,83,2025-08-09,54,4.49,67,8,6.26,95
715,28,2026-02-23,99,3.53,17,10,3.93,90
716,15,2026-08-05,71,4.59,12,10,11.92,92
717,19,2026-07-12,75,3.01,40,13,8.12,73
718,99,2024-12-26,91,4.43,5,5,5.05,69
719,100,2025-04-24,80,4.16,52,4,10.3,64
720,38,2024-12-11,58,4.93,47,8,3.91,75
721,20,2025-03-21,71,3.82,52,14,4.17,94
722,5,2026-07-01,92,3.57,25,10,8.26,76
723,39,2026-03-30,79,3.76,71,5,14.52,80
724,30,2024-02-18,69,4.8,39,7,13.73,94
725,43,2025-02-06,66,2.63,57,15,4.22,63
726,47,2024-06-12,73,4.05,46,2,5.53,85
727,27,2026-07-12,81,2.96,2,10,0.61,81
728,99,2025-11-13,65,2.77,64,11,10.53,61
729,77,2026-03-08,51,4.72,13,2,14.95,89
730,65,2025-12-22,69,2.74,3,3,5.0,78
731,57,2026-01-04,88,3.47,23,3,9.54,85
732,80,2025-12-16,68,4.8,41,14,13.81,77
733,11,2024-07-05,88,2.94,1,15,1.33,68
734,57,2024-06-10,65,4.46,46,14,14.43,60
735,54,2024-08-07,93,4.53,7,2,4.86,81
736,93,2024-09-22,56,4.77,45,13,9.85,97
737,57,2026-05-04,85,4.73,44,1,6.63,62
738,64,2025-07-17,51,4.41,25,14,2.02,98
739,7,2025-11-13,67,4.27,47,11,0.52,74
740,97,2024-08-09,98,2.66,2,7,4.39,99
741,39,2024-01-04,94,4.3,27,12,13.47,67
742,36,2025-06-02,67,2.82,5,15,3.3,62
743,79,2025-10-03,89,4.93,37,2,1.17,79
744,79,2025-07-12,51,4.89,44,15,9.27,71
745,46,2024-12-14,67,4.4,32,15,5.67,96
746,19,2025-08-06,47,3.4,10,1,0.98,91
747,74,2024-03-01,45,4.11,51,10,6.48,95
748,10,2025-05-05,79,3.47,57,8,4.02,75
749,65,2025-11-09,62,4.24,17,12,13.36,73
750,25,2026-06-01,81,4.62,40,10,10.51,83
751,29,2024-12-08,46,2.51,63,8,5.72,70
752,42,2024-08-05,45,3.04,45,14,0.26,91
753,49,2025-07-04,65,3.14,51,3,4.36,89
754,33,2024-08-12,56,3.96,24,11,14.21,69
755,29,2025-08-08,64,3.33,13,2,0.33,62
756,6,2024-09-07,86,4.74,54,14,10.18,82
757,1,2024-09-16,85,4.41,70,9,13.71,92
758,32,2024-08-13,45,2.88,15,2,5.82,88
759,18,2024-12-08,84,4.82,37,15,10.21,89
760,97,2026-05-31,81,3.89,70,8,4.92,96
761,24,2024-08-24,50,2.93,55,5,2.6,62
762,31,2025-04-13,71,4.18,23,13,0.23,69
763,48,2026-06-30,67,3.8,10,5,6.98,89
764,4,2026-03-31,89,3.99,1,15,6.73,65
765,45,2025-12-18,98,2.91,71,1,2.8,87
766,22,2026-03-15,51,4.12,22,2,5.35,93
767,16,2025-08-02,78,3.93,63,12,0.16,83
768,13,2025-01-15,72,2.77,15,9,6.6,94
769,43,2024-06-20,80,3.88,41,10,11.27,90
770,91,2026-02-07,89,2.74,72,9,0.76,63
771,99,2026-05-28,66,4.79,62,9,11.51,98
772,28,2026-07-19,49,3.87,49,10,14.14,92
773,75,2026-06-06,75,4.75,66,5,5.04,79
774,7,2024-06-15,87,2.74,66,3,2.61,90
775,1,2025-10-02,48,2.94,28,10,4.49,68
776,30,2024-10-12,53,4.16,20,1,3.85,77
777,63,2026-02-04,62,4.14,17,15,11.26,93
778,15,2025-12-18,49,3.55,47,10,9.08,72
779,2,2024-02-21,88,2.82,2,3,0.64,73
780,36,2025-05-24,90,4.24,29,14,2.05,88
781,46,2024-02-12,99,4.83,14,4,5.66,72
782,100,2025-02-20,93,2.83,12,7,5.1,63
783,33,2024-08-24,70,2.99,8,6,10.76,98
784,57,2025-07-04,74,3.65,51,15,8.81,99
785,29,2024-04-01,53,4.42,3,11,2.51,98
786,54,2024-02-11,88,4.71,10,8,4.55,98
787,21,2024-09-26,82,4.37,68,4,1.88,61
788,32,2025-01-31,98,4.91,70,14,4.21,99
789,51,2025-03-05,55,2.88,11,13,13.04,67
790,63,2026-05-11,45,3.75,47,7,8.4,83
791,54,2025-01-27,98,4.92,51,8,14.32,62
792,30,2025-01-05,89,3.49,20,2,8.6,85
793,47,2024-11-03,48,3.26,37,13,11.47,76
794,84,2025-09-11,47,3.6,56,7,14.7,79
795,99,2025-01-20,57,4.29,54,6,0.23,98
796,22,2024-03-31,74,2.97,22,7,2.11,67
797,38,2026-08-21,54,3.14,53,11,2.15,81
798,84,2026-05-20,80,4.24,35,11,2.35,92
799,66,2026-08-31,85,4.72,6,9,11.05,98
800,88,2026-07-18,84,2.75,53,3,9.63,79
801,92,2024-12-12,50,4.15,49,5,3.39,95
802,31,2026-06-29,53,4.3,37,8,14.61,71
803,47,2026-08-30,87,2.64,69,4,3.45,76
804,26,2026-05-18,97,2.59,31,2,1.27,83
805,86,2025-01-13,78,3.75,4,6,14.7,77
806,60,2025-02-15,94,4.32,35,8,5.03,89
807,76,2024-12-09,90,4.74,35,12,11.6,100
808,26,2025-02-06,68,4.92,56,6,8.51,77
809,50,2025-03-17,91,3.99,65,7,14.44,64
810,27,2025-07-02,62,2.82,23,6,4.35,61
811,90,2024-07-08,45,3.93,40,9,1.4,81
812,98,2025-01-25,70,3.99,42,13,14.11,96
813,51,2024-01-14,64,4.61,24,2,12.82,75
814,59,2024-09-29,62,2.84,48,13,10.79,67
815,24,2025-10-28,69,2.81,37,1,14.97,76
816,70,2026-03-06,82,2.99,21,7,12.27,79
817,41,2025-11-04,64,3.03,8,8,8.54,74
818,99,2025-05-22,74,3.07,3,1,8.06,67
819,68,2025-01-12,97,3.39,22,3,13.99,65
820,94,2025-01-06,80,3.62,72,5,4.84,73
821,85,2026-03-27,62,4.35,23,7,13.35,92
822,59,2025-10-20,61,3.17,64,1,1.78,72
823,21,2026-06-15,86,4.83,4,12,7.98,81
824,95,2025-03-16,97,2.87,57,8,6.85,96
825,52,2024-10-12,88,3.31,25,4,7.07,67
826,8,2026-08-12,86,4.57,46,14,2.37,88
827,69,2024-02-07,49,2.56,48,6,9.77,62
828,4,2024-07-09,54,3.71,23,12,2.01,79
829,41,2024-11-04,74,4.16,25,2,6.44,98
830,30,2025-06-25,81,4.23,16,13,13.79,85
831,81,2024-07-21,89,2.72,22,15,0.62,67
832,49,2026-07-17,84,3.36,20,9,11.66,71
833,93,2026-03-13,46,4.0,24,10,10.92,91
834,32,2026-07-20,67,2.82,48,10,5.35,73
835,31,2026-07-04,54,2.92,57,4,10.52,72
836,67,2025-12-08,83,4.02,1,5,5.52,90
837,89,2024-08-20,98,4.74,29,13,5.38,68
838,55,2026-07-18,72,2.72,45,1,7.1,65
839,7,2025-05-24,80,4.94,6,9,2.89,98
840,16,2024-02-09,93,3.76,21,14,12.82,84
841,13,2024-08-15,45,3.73,20,7,1.59,95
842,72,2025-11-13,88,3.9,24,12,1.44,91
843,81,2025-05-04,72,4.81,34,9,12.91,85
844,26,2025-12-08,65,3.61,34,3,2.26,73
845,20,2024-10-26,54,4.88,66,1,9.56,98
846,33,2026-05-30,54,3.37,20,12,12.25,100
847,24,2026-04-20,56,4.34,46,7,0.95,71
848,80,2026-03-20,66,3.03,7,15,5.91,100
849,93,2025-06-28,75,4.66,32,2,12.84,67
850,8,2024-01-07,62,3.49,63,5,1.66,75
851,63,2024-11-27,87,3.29,72,5,11.61,95
852,20,2025-02-14,45,4.72,10,4,11.64,71
853,85,2026-04-28,48,3.77,37,11,6.05,96
854,93,2026-03-20,75,4.14,50,2,4.78,77
855,61,2026-08-17,47,3.4,33,10,1.18,71
856,81,2024-03-14,87,2.67,12,7,14.66,77
857,10,2025-08-06,81,4.42,44,6,6.48,61
858,86,2024-11-24,50,3.94,49,10,14.77,97
859,58,2026-04-10,80,3.74,24,1,7.21,60
860,18,2025-09-29,46,3.13,56,3,10.03,64
861,84,2025-08-08,76,2.74,12,3,4.68,72
862,32,2025-02-19,93,4.29,52,8,8.03,89
863,5,2025-05-17,81,4.89,61,4,1.21,87
864,62,2025-11-22,59,2.7,24,3,6.62,84
865,98,2025-07-01,46,3.65,44,12,8.69,93
866,80,2026-08-16,75,4.12,54,6,3.63,100
867,27,2025-10-07,85,4.21,40,4,1.82,65
868,99,2025-10-14,69,3.32,25,1,14.31,97
869,43,2024-03-11,56,3.08,19,1,2.46,97
870,46,2024-10-16,98,2.56,45,8,12.13,77
871,73,2024-01-02,85,3.64,37,8,0.2,63
872,18,2025-11-12,71,4.92,60,7,4.66,94
873,98,2026-08-03,72,3.74,39,10,6.77,88
874,40,2025-12-08,50,3.55,26,7,13.37,87
875,5,2024-11-18,61,4.64,5,1,6.16,82
876,90,2025-08-01,59,3.68,5,10,11.11,77
877,55,2025-08-02,84,2.97,60,8,1.28,100
878,84,2025-12-12,67,2.84,49,4,4.88,63
879,48,2024-06-14,82,3.66,2,3,5.58,67
880,68,2026-05-23,55,3.66,27,7,4.57,65
881,41,2026-02-20,84,3.22,68,10,12.76,96
882,43,2024-11-01,84,3.48,37,7,9.9,75
883,43,2026-03-15,93,3.15,38,12,3.4,76
884,10,2025-08-26,95,4.74,16,7,8.58,98
885,32,2024-08-19,93,4.02,34,5,8.72,78
886,74,2024-06-24,62,4.69,34,1,7.93,95
887,19,2026-01-10,59,2.62,43,9,6.36,98
888,62,2025-08-19,91,4.84,69,11,11.58,93
889,35,2025-04-01,51,3.12,14,1,14.97,96
890,17,2025-05-05,48,4.23,15,14,7.23,62
891,42,2025-12-27,64,4.75,67,6,2.97,100
892,53,2024-09-07,68,3.34,17,14,11.69,62
893,2,2024-05-31,47,3.25,56,14,4.64,64
894,93,2024-04-19,84,3.06,7,14,0.51,82
895,18,2025-06-25,94,2.79,60,6,12.89,82
896,91,2024-01-03,83,3.48,43,10,5.13,90
897,72,2026-08-25,72,4.93,11,15,8.65,73
898,9,2025-02-10,61,4.26,71,5,2.92,80
899,50,2024-02-19,59,2.71,29,15,8.18,83
900,27,2024-02-04,63,4.73,25,14,6.17,68
901,32,2025-11-02,57,3.28,38,3,4.05,73
902,14,2026-01-29,46,3.25,58,12,8.73,92
903,89,2024-02-03,88,4.5,51,13,12.34,61
904,71,2025-08-05,95,4.75,41,12,10.65,69
905,36,2025-10-24,69,4.38,7,3,13.3,65
906,85,2024-02-08,76,3.6,37,2,7.04,72
907,39,2026-08-27,58,4.6,8,3,3.5,83
908,7,2025-02-04,55,2.9,72,10,14.17,87
909,44,2024-07-22,56,3.62,44,12,13.09,70
910,26,2024-05-19,53,3.8,20,10,11.92,60
911,3,2024-08-23,53,3.33,14,4,3.15,60
912,3,2025-11-17,59,2.99,53,8,6.67,67
913,55,2026-03-05,95,3.64,2,8,12.85,69
914,62,2024-06-26,84,4.02,41,4,13.49,63
915,36,2026-07-21,86,3.43,8,2,14.13,71
916,30,2024-01-30,92,3.95,34,14,7.37,75
917,28,2025-04-14,62,4.29,17,1,1.99,78
918,9,2024-06-16,96,3.95,3,2,6.87,70
919,85,2026-04-13,96,2.83,7,15,5.66,88
920,93,2026-01-17,71,4.79,34,11,13.26,89
921,100,2024-11-24,51,4.58,61,11,9.58,91
922,34,2025-01-03,71,2.76,24,15,4.03,84
923,82,2025-10-06,79,3.07,57,3,11.85,90
924,19,2024-02-11,66,3.76,9,3,2.42,98
925,75,2025-12-30,95,4.22,50,7,11.4,78
926,33,2024-07-11,77,4.31,19,4,7.33,100
927,58,2024-03-27,81,4.42,10,13,2.88,68
928,12,2025-12-05,48,2.8,59,9,0.73,82
929,71,2025-04-10,71,4.52,7,11,13.75,64
930,7,2025-09-04,97,3.71,5,13,9.48,74
931,20,2024-11-21,67,2.76,33,12,5.39,98
932,95,2026-08-26,93,2.77,14,3,2.71,91
933,50,2024-01-22,92,3.14,29,9,6.87,70
934,47,2025-11-26,99,3.22,19,2,5.7,84
935,42,2026-01-27,88,4.53,49,14,14.38,72
936,95,2024-11-05,45,4.23,26,4,14.64,78
937,57,2025-09-05,98,2.55,65,14,7.83,92
938,75,2026-05-30,66,2.53,60,1,12.09,60
939,48,2026-02-23,84,4.21,65,11,5.31,99
940,41,2025-02-10,57,4.47,58,8,3.93,71
941,55,2025-02-28,85,4.14,21,15,9.01,80
942,30,2024-06-12,62,2.96,64,8,4.85,70
943,46,2025-07-09,81,2.88,54,2,13.3,82
944,11,2026-01-12,54,4.52,18,1,9.85,96
945,21,2024-08-11,54,3.98,15,2,4.91,86
946,6,2025-02-15,54,3.98,41,13,10.01,97
947,30,2026-01-10,72,3.11,20,11,6.19,99
948,38,2024-12-09,87,4.41,24,1,6.53,64
949,85,2024-04-09,61,4.06,4,11,10.07,81
950,25,2024-02-14,58,4.31,29,11,8.12,62
951,35,2026-04-18,81,3.84,29,12,12.85,64
952,83,2026-03-11,50,2.94,20,2,14.25,71
953,10,2025-12-29,68,4.37,66,11,13.68,67
954,48,2025-02-15,79,2.88,56,9,6.32,91
955,39,2025-07-04,45,2.76,15,9,4.97,95
956,8,2024-02-13,69,3.27,40,13,2.09,60
957,50,2025-10-15,56,3.93,65,15,13.99,88
958,68,2025-10-15,75,3.11,41,9,4.98,84
959,52,2025-09-02,63,4.86,52,12,4.73,67
960,56,2024-05-24,91,2.82,38,11,2.79,99
961,92,2024-11-08,72,4.52,23,2,2.98,61
962,89,2026-03-25,49,2.61,21,10,3.87,73
963,15,2024-04-02,63,4.33,66,15,13.21,67
964,61,2024-10-11,84,3.62,53,10,9.18,99
965,74,2026-01-23,89,3.82,21,9,10.5,67
966,71,2025-12-24,46,2.64,56,7,6.21,70
967,1,2024-07-17,48,2.51,26,12,2.5,81
968,70,2024-11-30,70,2.97,13,1,4.89,62
969,23,2026-08-15,62,3.11,68,15,3.6,60
970,46,2025-11-06,80,4.22,54,14,12.17,70
971,100,2025-12-15,81,4.42,8,1,6.82,94
972,56,2024-06-30,55,4.56,56,15,3.74,74
973,72,2024-08-07,58,4.71,65,10,13.41,73
974,62,2026-06-23,71,4.75,11,9,5.11,67
975,81,2024-09-10,79,4.78,52,3,6.02,66
976,56,2024-06-07,80,3.26,14,1,14.6,72
977,85,2024-06-05,77,4.48,26,15,3.46,98
978,13,2026-07-08,88,3.85,66,12,14.57,82
979,24,2025-02-19,74,4.34,9,9,7.21,61
980,62,2026-04-25,76,3.46,6,7,11.36,83
981,75,2024-09-10,55,2.52,69,9,1.6,77
982,99,2024-04-29,49,4.05,60,10,6.72,86
983,59,2025-10-20,77,4.24,46,10,6.34,94
984,32,2026-01-03,79,4.23,45,11,7.51,61
985,94,2025-06-30,54,4.25,49,6,10.47,85
986,50,2024-11-27,93,2.93,46,10,12.46,68
987,58,2024-12-17,58,3.27,65,10,8.53,70
988,42,2026-01-25,59,4.01,56,11,9.58,88
989,39,2024-05-26,53,3.95,3,8,4.09,90
990,98,2025-09-25,84,3.53,39,2,11.49,96
991,51,2024-11-10,76,2.55,1,9,11.75,89
992,88,2024-10-18,88,3.75,72,6,10.32,96
993,52,2026-05-17,62,2.69,66,4,12.06,92
994,39,2026-08-24,52,3.53,32,5,12.6,93
995,81,2024-10-26,66,3.02,69,13,8.04,84
996,100,2024-06-19,82,3.83,34,5,4.81,98
997,85,2024-05-01,85,3.79,51,15,0.25,70
998,5,2025-07-20,55,3.5,59,1,6.01,78
999,78,2025-01-02,48,2.55,70,3,4.13,76
1000,67,2025-07-22,51,4.43,1,9,13.17,96
1001,25,2025-07-18,87,4.51,43,8,4.65,94
1002,31,2025-07-20,84,3.99,61,5,12.52,66
1003,45,2026-03-18,71,4.96,31,1,2.33,88
1004,48,2026-02-17,45,2.62,28,1,10.23,84
1005,87,2025-01-31,70,2.75,46,11,3.13,82
1006,38,2025-11-11,51,3.89,25,14,6.63,94
1007,38,2025-10-31,72,3.62,7,9,11.44,61
1008,16,2024-02-01,78,3.68,54,15,9.68,62
1009,15,2024-02-18,85,4.38,55,6,13.34,67
1010,30,2026-08-18,62,4.8,39,5,2.06,98
1011,6,2026-04-18,70,3.71,44,7,8.42,85
1012,48,2024-04-29,55,3.25,5,7,2.21,68
1013,42,2026-08-12,67,4.03,56,14,7.22,80
1014,55,2024-08-29,94,2.95,24,2,9.17,81
1015,28,2025-05-25,85,4.12,38,8,11.92,76
1016,40,2025-01-16,75,4.75,39,9,4.4,80
1017,77,2025-07-01,59,4.0,42,3,1.54,74
1018,29,2024-08-11,65,2.52,11,3,4.38,82
1019,14,2024-05-10,55,4.25,8,1,11.14,85
1020,85,2024-08-30,56,4.87,9,15,10.79,90
1021,100,2025-07-02,85,2.86,60,8,2.44,77
1022,83,2025-07-21,79,4.33,45,9,4.88,80
1023,42,2024-05-23,55,2.95,40,3,10.25,82
1024,92,2025-05-15,99,3.28,52,2,14.66,80
1025,48,2025-06-25,84,2.71,9,1,5.11,63
1026,82,2024-10-02,48,3.41,12,5,6.78,79
1027,61,2025-03-24,59,4.41,28,6,11.61,79
1028,68,2024-05-01,91,4.36,38,2,12.52,89
1029,46,2024-07-27,82,3.25,59,4,3.97,98
1030,5,2024-05-07,66,3.08,66,9,0.55,72
1031,68,2026-07-29,58,3.55,9,12,3.1,93
1032,77,2026-06-29,56,3.57,5,9,7.17,94
1033,23,2025-07-10,96,4.78,9,6,11.94,90
1034,61,2024-11-16,57,2.52,72,7,2.84,64
1035,24,2026-08-06,52,3.61,40,7,4.97,73
1036,42,2026-06-03,91,3.07,66,1,1.61,96
1037,14,2025-05-23,67,3.56,62,4,4.46,84
1038,12,2025-08-25,92,3.7,49,15,2.52,85
1039,9,2024-09-20,64,3.06,51,3,8.86,96
1040,49,2025-08-24,85,4.48,34,15,5.19,99
1041,74,2025-07-21,82,4.48,5,2,0.82,98
1042,44,2024-06-16,75,3.07,3,9,13.6,81
1043,13,2024-06-23,90,2.71,53,11,7.88,78
1044,84,2026-02-08,63,3.47,66,13,7.8,99
1045,86,2026-04-23,84,4.31,48,8,2.64,83
1046,100,2026-01-29,76,3.32,45,13,7.85,93
1047,15,2025-04-18,98,3.98,23,3,1.16,97
1048,94,2025-07-07,79,4.02,10,14,2.15,93
1049,25,2026-08-06,85,4.02,58,15,1.32,60
1050,43,2026-04-10,93,3.95,39,15,14.49,81
1051,13,2025-06-19,95,3.16,27,7,7.5,70
1052,51,2024-08-02,78,2.76,24,12,3.34,61
1053,68,2025-08-14,77,3.35,56,14,8.09,65
1054,32,2026-08-25,84,4.97,63,14,8.13,77
1055,44,2025-10-07,81,2.53,3,12,11.94,96
1056,22,2024-05-31,98,2.76,60,10,0.8,80
1057,72,2024-04-01,72,4.81,27,4,12.36,83
1058,81,2026-02-05,98,4.14,65,9,11.29,89
1059,2,2024-01-21,94,4.59,41,4,1.99,85
1060,96,2024-09-11,92,2.8,31,13,8.81,60
1061,69,2024-12-23,53,4.63,61,5,2.1,80
1062,16,2024-12-01,60,4.31,6,10,0.98,93
1063,69,2024-12-01,96,2.75,65,12,1.93,78
1064,8,2026-08-13,53,3.25,60,4,6.07,81
1065,90,2024-05-23,95,4.47,64,4,5.75,85
1066,57,2025-08-04,50,3.04,45,9,10.84,85
1067,32,2025-07-11,58,3.38,8,12,0.21,81
1068,42,2025-04-06,93,4.6,56,2,5.56,78
1069,86,2024-09-02,60,2.71,43,14,5.85,84
1070,75,2024-04-13,76,3.92,46,6,11.87,67
1071,49,2026-07-21,63,3.12,6,11,2.1,92
1072,31,2025-08-31,75,3.72,59,1,12.84,94
1073,54,2024-10-29,94,4.13,53,1,5.21,75
1074,23,2024-03-19,78,2.71,33,5,1.12,86
1075,5,2024-12-08,51,4.06,60,6,9.56,73
1076,69,2025-01-17,97,4.09,39,7,12.44,62
1077,16,2024-08-07,47,2.97,72,9,0.12,91
1078,2,2026-06-12,61,2.86,54,4,6.39,92
1079,14,2024-08-23,61,4.08,35,8,1.83,97
1080,76,2025-03-04,65,4.49,3,10,6.24,62
1081,64,2025-07-03,70,3.15,1,10,2.69,92
1082,98,2026-02-11,99,3.2,66,8,11.5,80
1083,45,2025-07-04,52,4.64,31,14,12.49,81
1084,96,2024-01-22,74,2.84,63,2,6.86,72
1085,83,2026-05-09,72,4.52,72,2,11.85,84
1086,35,2025-08-27,94,4.3,5,4,4.65,73
1087,65,2025-04-26,93,3.81,9,9,7.45,95
1088,57,2025-02-18,86,4.37,66,4,11.01,73
1089,37,2026-01-04,93,3.69,2,14,3.84,74
1090,2,2026-06-13,83,2.53,15,6,2.98,100
1091,54,2026-03-17,46,2.97,17,7,2.09,76
1092,22,2026-07-04,47,4.81,9,11,12.73,74
1093,11,2024-10-01,84,2.59,46,8,6.98,60
1094,98,2026-05-08,62,2.67,8,12,10.38,97
1095,91,2026-05-10,62,2.75,28,3,4.13,75
1096,71,2025-10-11,86,2.69,62,12,9.28,66
1097,19,2025-05-01,54,4.38,70,8,0.52,95
1098,20,2024-07-28,92,3.47,33,14,14.01,86
1099,24,2024-07-08,56,3.43,64,14,4.55,69
1100,38,2025-06-30,45,3.16,28,3,6.35,66
1101,80,2025-12-05,48,2.59,40,7,7.94,66
1102,49,2025-12-12,58,2.63,2,3,8.24,88
1103,84,2024-12-09,55,2.64,20,13,0.62,98
1104,100,2025-01-04,95,3.09,54,12,2.12,96
1105,26,2025-09-11,71,4.9,4,1,5.15,90
1106,41,2024-01-13,46,2.65,64,4,2.13,96
1107,4,2025-11-01,96,3.65,60,2,2.92,62
1108,58,2025-08-02,55,2.9,14,4,8.15,84
1109,6,2024-07-09,92,3.77,10,11,5.91,69
1110,16,2026-01-31,46,4.51,33,6,13.07,77
1111,53,2026-04-07,95,2.78,64,2,8.59,95
1112,9,2024-02-25,75,4.59,59,5,4.67,86
1113,19,2024-07-07,97,3.06,39,5,12.87,68
1114,47,2024-08-07,54,2.73,51,1,2.25,71
1115,76,2025-08-20,62,4.39,19,12,13.72,61
1116,35,2025-01-19,64,4.35,58,13,12.65,71
1117,79,2024-11-19,46,3.02,24,7,9.66,82
1118,13,2025-09-09,59,4.81,61,7,1.28,89
1119,39,2025-08-21,91,3.89,18,5,14.23,82
1120,70,2025-11-14,67,2.78,5,3,1.68,96
1121,15,2024-06-23,65,4.89,69,10,13.84,65
1122,56,2026-06-25,79,4.7,37,12,9.14,94
1123,53,2025-11-21,61,3.7,55,13,13.19,92
1124,54,2025-06-22,53,3.03,49,1,13.63,92
1125,35,2026-04-20,64,3.64,4,9,11.26,88
1126,85,2025-09-26,80,4.94,15,10,0.58,78
1127,73,2026-01-24,53,2.71,39,1,0.85,96
1128,93,2024-05-10,93,3.82,26,7,9.16,100
1129,26,2025-03-23,95,3.32,30,5,8.15,92
1130,35,2025-08-10,73,4.86,6,9,2.45,74
1131,68,2024-06-21,71,3.3,56,3,2.31,60
1132,9,2026-06-06,55,3.0,63,11,14.09,69
1133,2,2024-01-03,67,4.76,1,15,3.2,73
1134,8,2026-01-31,46,2.55,67,7,3.81,78
1135,92,2025-06-17,70,3.63,15,10,0.17,93
1136,74,2026-03-28,94,4.45,12,2,3.86,85
1137,1,2024-06-04,46,3.95,12,7,8.56,100
1138,31,2025-11-20,53,4.21,26,15,6.91,97
1139,69,2025-02-01,94,3.94,59,12,10.77,62
1140,2,2026-08-23,79,4.49,44,5,8.2,65
1141,71,2024-01-24,72,3.7,34,7,3.75,63
1142,77,2025-03-20,97,4.6,66,5,10.3,75
1143,16,2025-06-19,51,4.31,32,8,1.33,66
1144,11,2024-12-03,65,2.73,72,11,5.6,76
1145,65,2025-10-13,54,4.4,40,3,14.59,72
1146,34,2026-02-19,96,4.62,2,2,5.51,80
1147,31,2025-09-13,62,3.53,4,8,4.89,96
1148,77,2024-05-31,61,3.21,35,14,6.13,88
1149,92,2026-04-09,48,2.74,71,3,4.08,61
1150,18,2025-10-30,90,4.42,12,12,7.65,68
1151,29,2024-05-24,77,3.62,37,1,2.32,85
1152,5,2026-07-15,78,3.37,9,8,4.0,80
1153,18,2024-11-15,74,3.07,46,11,14.57,86
1154,21,2024-06-12,59,3.36,59,1,0.23,65
1155,80,2024-04-19,51,4.98,72,3,8.32,81
1156,71,2024-12-01,52,4.22,9,11,2.73,100
1157,45,2025-04-20,81,2.54,51,2,13.26,63
1158,78,2024-03-28,56,3.05,34,7,6.19,63
1159,17,2026-01-10,80,3.11,19,8,1.39,65
1160,96,2025-03-13,56,3.0,17,10,11.05,100
1161,9,2026-01-02,67,2.72,4,11,13.58,94
1162,48,2026-04-14,45,3.74,55,7,11.3,74
1163,99,2026-06-15,91,4.78,34,5,5.79,62
1164,40,2026-05-22,86,2.94,19,8,6.34,74
1165,82,2024-08-30,64,3.46,4,2,9.37,81
1166,1,2024-09-22,68,3.75,27,12,4.71,69
1167,31,2025-07-01,67,3.9,54,2,7.42,86
1168,22,2025-11-15,55,4.85,13,12,10.22,89
1169,24,2025-12-21,70,3.63,1,9,5.94,86
1170,50,2024-03-19,67,4.83,52,3,12.85,77
1171,80,2026-05-26,73,4.71,53,14,8.23,92
1172,35,2025-08-15,95,4.06,61,8,12.47,70
1173,8,2026-04-05,85,3.02,2,1,6.25,66
1174,66,2024-08-28,64,3.75,62,5,14.61,68
1175,41,2026-06-18,62,4.53,40,1,4.68,86
1176,95,2026-03-20,93,3.45,20,2,2.35,81
1177,82,2026-03-15,72,4.61,46,3,5.42,96
1178,23,2026-02-23,46,4.92,36,13,4.32,65
1179,16,2024-03-23,51,4.18,64,13,3.01,95
1180,68,2024-11-10,54,3.66,1,14,10.06,74
1181,29,2026-04-05,66,4.19,37,9,13.13,92
1182,23,2025-07-03,91,2.66,67,5,8.84,86
1183,3,2024-02-14,70,3.51,3,6,12.72,66
1184,24,2024-03-25,50,2.9,48,5,3.02,77
1185,93,2024-11-14,56,3.12,4,2,10.65,63
1186,79,2025-05-23,92,4.88,55,1,12.37,75
1187,19,2024-07-26,51,4.28,65,7,0.89,63
1188,21,2026-04-27,48,5.0,26,2,8.96,95
1189,76,2024-02-03,84,4.01,7,2,1.43,77
1190,2,2026-02-07,58,3.24,61,14,1.84,66
1191,89,2024-02-16,76,4.37,60,13,9.82,86
1192,100,2025-12-01,92,2.76,50,15,13.92,82
1193,92,2025-08-18,84,4.94,7,12,7.66,66
1194,83,2026-08-01,63,4.61,60,14,7.91,83
1195,2,2025-06-26,85,2.8,27,8,5.18,81
1196,22,2025-11-23,90,2.8,61,15,2.58,93
1197,57,2026-02-17,78,4.36,61,3,11.71,98
1198,8,2025-07-19,90,3.07,15,7,1.68,61
1199,89,2025-11-24,77,2.78,61,14,2.4,72
1200,77,2025-07-02,93,3.97,50,5,7.27,67
1201,26,2025-07-27,76,3.35,30,1,6.77,86
1202,14,2025-01-10,45,2.96,37,9,0.32,95
1203,46,2025-11-16,74,4.67,65,1,0.32,76
1204,38,2024-06-15,57,4.5,18,4,13.16,71
1205,16,2025-07-18,70,3.96,50,10,10.07,84
1206,46,2026-03-31,99,3.64,51,11,7.14,84
1207,57,2024-09-08,88,4.21,9,7,9.33,67
1208,74,2024-04-01,99,4.96,47,12,11.25,69
1209,42,2025-02-01,48,4.34,53,15,4.54,69
1210,10,2026-08-21,45,3.7,2,4,3.04,62
1211,84,2025-09-26,78,4.42,21,5,12.74,67
1212,69,2024-03-08,59,3.94,37,9,12.84,92
1213,29,2026-04-13,46,2.53,14,12,6.43,64
1214,2,2025-01-21,65,4.65,6,3,1.6,64
1215,61,2025-12-31,91,3.41,71,7,10.5,85
1216,32,2024-04-05,59,4.17,43,4,4.72,65
1217,1,2025-03-06,65,2.54,16,15,11.44,91
1218,34,2026-03-17,94,4.98,63,9,12.32,97
1219,55,2024-11-24,99,4.9,41,8,3.78,81
1220,96,2026-07-16,93,4.79,15,3,8.24,64
1221,58,2026-02-22,76,3.32,13,3,3.59,83
1222,73,2026-05-24,76,3.77,44,6,3.97,84
1223,82,2024-01-20,47,4.41,60,3,3.48,84
1224,20,2026-03-01,63,4.47,56,13,11.1,83
1225,36,2025-03-28,72,4.43,60,3,0.65,64
1226,14,2025-01-05,46,3.65,8,14,7.55,67
1227,50,2025-05-07,96,3.16,62,9,14.92,74
1228,86,2025-06-26,91,2.65,13,8,4.84,74
1229,3,2025-05-30,94,2.96,57,5,12.34,79
1230,42,2024-06-25,90,3.65,24,7,0.84,96
1231,43,2026-07-03,61,4.43,51,11,7.97,69
1232,58,2024-09-13,56,3.89,39,1,6.79,87
1233,18,2026-08-26,45,3.61,49,11,3.18,90
1234,9,2025-05-02,98,4.27,44,4,10.93,85
1235,54,2026-01-09,89,2.85,17,4,13.41,87
1236,65,2026-03-27,98,3.69,7,7,13.45,61
1237,34,2024-06-29,78,4.8,67,7,8.91,74
1238,8,2024-12-21,89,3.34,48,13,3.61,60
1239,4,2026-01-30,88,3.81,19,8,3.08,86
1240,11,2024-11-17,65,3.99,58,7,14.28,60
1241,25,2025-05-27,88,4.14,42,7,6.81,90
1242,77,2026-05-20,74,3.75,44,6,3.89,87
1243,10,2024-09-22,82,4.26,4,4,12.48,93
1244,19,2025-04-11,99,2.95,27,14,6.1,68
1245,94,2025-05-08,58,2.95,23,3,14.16,69
1246,14,2025-03-12,51,4.4,60,14,5.63,91
1247,78,2024-06-10,52,4.92,14,7,2.55,78
1248,79,2025-08-13,79,3.43,37,5,12.57,85
1249,71,2024-01-09,59,2.58,23,2,12.55,97
1250,27,2026-02-03,82,4.64,23,3,0.54,71
1251,53,2024-07-07,81,4.49,2,2,14.95,77
1252,87,2026-06-08,70,3.17,10,1,6.39,61
1253,10,2025-02-13,73,3.66,3,15,3.32,65
1254,25,2026-08-21,73,4.72,6,15,5.2,60
1255,5,2024-07-06,63,3.96,27,3,6.26,89
1256,33,2024-06-12,62,3.44,29,14,1.79,88
1257,73,2025-07-06,62,4.46,56,4,13.75,60
1258,29,2024-03-03,81,2.58,51,13,13.95,76
1259,21,2024-08-12,67,4.04,71,6,1.72,98
1260,95,2024-07-03,83,3.06,60,12,2.45,91
1261,70,2025-10-29,50,2.9,16,14,5.88,82
1262,7,2026-01-05,64,4.94,55,1,1.97,87
1263,54,2025-07-20,73,3.49,43,14,2.66,70
1264,83,2026-02-05,64,3.39,27,10,7.39,99
1265,81,2025-03-21,82,3.43,58,12,0.11,94
1266,39,2024-06-22,97,2.51,64,6,11.33,61
1267,6,2025-09-01,79,2.53,14,10,14.4,70
1268,6,2026-06-22,55,2.97,10,15,5.63,79
1269,31,2025-08-21,84,2.58,34,9,8.63,62
1270,29,2024-01-07,56,4.75,45,4,3.78,71
1271,22,2024-12-18,60,3.39,6,3,12.16,81
1272,8,2024-08-19,52,4.05,29,6,4.33,62
1273,52,2025-09-30,82,3.76,71,13,8.45,73
1274,25,2025-02-07,93,4.44,25,15,2.52,75
1275,21,2025-07-31,82,3.57,1,13,8.11,82
1276,96,2026-02-09,92,3.85,30,2,1.98,77
1277,35,2025-02-06,50,2.9,8,8,11.72,98
1278,41,2025-05-23,84,4.0,18,1,1.86,75
1279,52,2024-06-12,57,2.69,59,5,8.86,77
1280,9,2026-07-12,45,3.46,35,11,1.48,73
1281,58,2025-04-02,66,4.06,13,10,2.07,85
1282,10,2024-05-11,89,3.07,62,6,3.56,85
1283,55,2025-10-06,99,4.88,61,6,2.35,92
1284,52,2025-03-11,61,3.46,19,12,0.48,99
1285,16,2024-06-11,73,4.52,30,1,0.17,97
1286,85,2024-03-03,92,4.7,35,6,13.13,77
1287,25,2024-12-29,55,4.26,9,6,10.4,81
1288,2,2025-08-18,65,2.74,27,12,11.6,66
1289,82,2026-07-28,51,3.25,7,9,12.79,91
1290,76,2025-01-18,74,4.09,34,8,9.12,68
1291,89,2025-07-12,92,3.13,17,3,14.56,92
1292,31,2025-08-27,90,4.55,42,12,13.98,67
1293,24,2025-05-19,92,4.82,1,5,11.6,90
1294,6,2026-06-20,72,3.73,49,14,8.66,73
1295,31,2026-06-12,93,2.93,72,7,5.38,82
1296,80,2025-03-19,48,2.91,60,12,8.19,78
1297,36,2026-01-22,48,4.71,43,11,7.6,82
1298,68,2025-12-17,78,2.98,70,3,14.59,80
1299,56,2026-01-27,90,4.48,18,7,11.85,61
1300,66,2025-01-06,62,3.49,17,11,8.81,70
1301,40,2025-02-05,58,4.66,41,12,5.66,97
1302,22,2025-06-30,80,2.9,24,14,5.32,66
1303,24,2025-04-02,67,4.32,52,3,11.38,79
1304,23,2024-04-02,80,3.53,33,15,2.79,60
1305,22,2024-06-28,95,2.91,36,2,4.38,96
1306,77,2024-02-10,45,4.47,54,7,2.64,88
1307,18,2026-04-27,71,3.5,34,15,12.48,81
1308,7,2025-10-24,82,3.4,25,3,1.09,78
1309,6,2025-08-11,46,4.29,10,1,11.09,65
1310,29,2024-06-13,60,3.43,26,9,9.33,68
1311,39,2025-12-12,98,3.66,12,10,3.41,60
1312,6,2024-11-24,71,4.91,68,3,6.97,62
1313,52,2025-03-22,62,3.5,54,14,12.62,90
1314,17,2024-01-16,70,3.2,68,12,14.1,60
1315,74,2025-03-31,65,3.07,23,4,4.14,65
1316,55,2026-03-16,87,2.87,29,11,1.76,72
1317,53,2024-11-02,52,2.53,34,5,10.72,87
1318,18,2024-04-29,57,4.29,50,6,4.21,78
1319,96,2025-06-19,57,3.65,60,8,9.91,84
1320,47,2026-03-20,75,4.88,5,7,12.89,73
1321,33,2026-04-08,83,3.23,6,14,4.23,87
1322,9,2024-01-21,75,3.32,44,2,7.72,88
1323,12,2024-02-12,98,4.62,25,3,4.57,71
1324,22,2024-03-20,63,3.9,57,5,4.07,77
1325,99,2026-03-26,76,2.92,35,6,6.48,81
1326,26,2024-06-18,77,4.56,33,8,8.6,60
1327,46,2025-03-04,63,4.43,48,12,3.46,68
1328,72,2026-01-21,81,2.6,60,3,3.05,87
1329,91,2025-05-27,62,2.66,2,1,8.97,74
1330,44,2024-04-03,85,4.71,62,12,14.16,71
1331,51,2026-05-05,91,3.2,42,13,8.89,61
1332,5,2024-02-21,82,4.45,62,9,1.26,87
1333,40,2025-04-11,76,4.62,53,12,1.5,74
1334,65,2024-03-25,78,3.15,28,8,0.86,84
1335,70,2026-05-19,93,3.63,45,15,6.29,86
1336,60,2026-08-04,53,4.2,50,13,3.58,95
1337,9,2026-02-03,68,4.15,12,9,5.65,93
1338,78,2025-08-13,81,2.58,8,3,6.85,70
1339,15,2025-10-27,45,4.44,40,6,0.71,89
1340,72,2024-02-04,69,2.55,31,6,6.24,87
1341,44,2025-08-29,47,3.07,32,8,4.08,87
1342,66,2024-01-23,60,3.03,51,8,9.7,73
1343,52,2026-01-22,75,4.25,16,9,14.0,71
1344,24,2026-03-05,71,3.53,61,15,8.66,77
1345,11,2025-03-17,84,2.54,66,8,7.67,92
1346,43,2025-01-31,58,3.76,43,11,9.01,62
1347,61,2025-12-14,93,3.01,54,4,4.64,70
1348,66,2024-01-25,89,4.04,65,13,7.28,85
1349,95,2024-11-05,99,3.29,42,14,0.43,100
1350,74,2025-10-25,53,2.85,16,12,6.89,76
1351,72,2024-01-31,72,4.41,10,9,12.98,88
1352,53,2025-08-14,70,3.01,8,13,1.14,70
1353,87,2024-03-23,45,3.69,23,13,12.57,99
1354,87,2025-03-04,81,4.54,21,8,1.89,69
1355,90,2024-04-02,65,4.91,27,13,12.08,89
1356,59,2025-09-17,92,4.79,1,9,6.4,79
1357,34,2025-07-02,55,3.51,38,3,0.55,97
1358,88,2024-11-05,87,3.09,12,11,11.59,80
1359,88,2025-09-17,85,4.0,3,2,4.31,96
1360,54,2024-12-14,73,2.57,49,10,2.78,99
1361,69,2024-06-15,73,2.97,48,5,14.94,93
1362,35,2026-04-11,59,3.9,66,12,11.66,75
1363,7,2025-02-28,89,2.87,10,8,10.9,67
1364,61,2025-11-10,77,4.65,1,7,9.55,77
1365,29,2024-04-15,88,2.78,68,10,12.97,63
1366,49,2024-04-05,86,4.63,19,15,12.76,92
1367,43,2024-02-25,45,3.0,58,13,0.79,90
1368,77,2024-07-27,54,3.53,39,1,6.75,63
1369,4,2025-04-10,77,4.07,5,9,9.65,64
1370,21,2024-06-27,70,2.88,22,10,14.19,95
1371,84,2025-11-07,94,3.24,39,14,7.95,61
1372,3,2025-08-01,74,2.87,65,11,8.73,81
1373,24,2024-01-03,86,4.12,36,2,1.22,94
1374,55,2025-02-19,82,4.21,50,14,1.74,90
1375,51,2024-09-02,53,2.54,5,9,2.09,61
1376,80,2024-10-14,52,3.64,23,15,6.38,76
1377,35,2024-12-08,58,3.32,49,11,9.8,76
1378,67,2024-01-12,88,4.55,63,15,0.19,71
1379,95,2024-08-08,92,3.24,19,5,2.52,83
1380,53,2025-04-14,83,2.55,12,15,2.43,74
1381,47,2025-02-18,60,2.52,71,15,4.07,88
1382,91,2024-05-15,48,3.12,49,11,11.44,60
1383,97,2024-02-13,63,3.11,41,3,12.68,79
1384,46,2025-12-17,67,3.06,55,5,7.57,65
1385,69,2024-09-05,97,3.6,48,13,14.13,61
1386,52,2026-06-14,97,4.25,66,9,2.29,82
1387,92,2026-08-19,81,3.63,64,4,7.81,77
1388,92,2025-01-25,70,3.53,26,3,3.54,62
1389,52,2024-05-12,96,3.66,68,7,4.33,64
1390,48,2024-05-18,82,3.28,63,15,12.84,71
1391,96,2024-06-18,48,4.88,24,10,7.91,71
1392,53,2025-04-09,81,4.05,2,7,6.31,64
1393,73,2025-08-27,82,3.52,25,15,5.24,99
1394,77,2026-01-22,87,4.55,71,4,3.31,95
1395,62,2024-07-10,70,3.89,60,12,7.48,99
1396,48,2024-06-25,94,3.58,39,2,3.78,93
1397,7,2024-04-07,78,4.87,33,15,9.16,75
1398,42,2024-05-09,57,4.01,25,13,9.03,69
1399,52,2026-08-10,45,2.57,9,5,4.53,89
1400,52,2026-05-23,54,4.6,9,13,4.64,74
1401,5,2024-07-28,63,4.33,10,4,4.58,61
1402,67,2025-04-26,96,3.94,42,3,13.53,94
1403,17,2024-10-31,47,3.98,70,7,9.7,84
1404,21,2025-09-27,92,4.46,18,5,13.64,81
1405,91,2024-02-01,86,2.88,67,3,3.58,74
1406,73,2025-09-29,76,4.98,55,10,14.14,66
1407,34,2026-08-20,80,4.76,52,3,13.74,96
1408,100,2025-02-15,79,4.8,5,11,14.82,83
1409,69,2025-10-05,53,4.7,11,8,9.92,75
1410,1,2025-08-08,73,4.04,53,2,14.05,87
1411,43,2024-09-10,75,2.88,38,14,12.71,79
1412,40,2025-11-03,76,3.14,21,6,3.46,64
1413,25,2024-02-23,75,4.15,41,14,6.13,60
1414,64,2024-03-04,76,3.74,22,2,7.5,82
1415,29,2026-05-03,71,2.72,23,1,2.28,81
1416,80,2024-07-17,92,4.59,10,10,3.05,90
1417,27,2026-05-22,74,2.6,39,12,2.84,78
1418,40,2025-05-20,62,4.62,37,9,9.17,77
1419,56,2024-11-18,46,3.61,69,7,13.0,74
1420,9,2024-03-14,45,4.23,61,7,4.89,98
1421,61,2024-04-01,85,2.59,72,14,11.74,82
1422,62,2024-03-21,89,3.1,22,14,8.12,82
1423,35,2025-07-25,67,3.46,33,1,9.11,64
1424,46,2024-11-24,77,2.5,45,9,11.16,66
1425,58,2025-11-13,61,3.18,51,11,5.55,98
1426,15,2024-10-18,70,2.62,63,14,7.14,63
1427,2,2024-04-30,82,3.11,2,12,4.74,79
1428,70,2024-06-02,62,4.96,32,10,13.85,94
1429,23,2025-02-07,50,4.51,4,11,3.21,84
1430,99,2025-07-21,55,4.42,6,4,7.75,94
1431,52,2024-01-13,88,4.87,3,11,6.73,94
1432,20,2024-10-16,70,3.3,44,2,14.57,84
1433,89,2024-12-16,72,4.27,27,14,3.14,75
1434,93,2024-11-03,71,2.83,8,15,2.93,89
1435,34,2025-05-14,99,2.55,65,15,0.9,87
1436,6,2025-09-02,77,4.3,72,8,14.89,62
1437,22,2025-07-07,47,4.95,16,10,10.52,65
1438,93,2024-07-23,97,4.23,37,14,3.41,65
1439,88,2025-07-04,99,4.78,50,7,1.59,81
1440,36,2024-09-03,80,3.35,7,6,2.53,85
1441,24,2026-03-28,87,2.8,52,1,4.5,89
1442,88,2026-07-15,88,4.97,19,1,4.77,98
1443,61,2024-10-30,88,2.52,62,5,5.51,77
1444,62,2026-07-29,91,4.25,8,14,8.02,68
1445,82,2026-04-22,57,2.7,9,5,5.92,64
1446,80,2026-04-03,81,3.35,32,10,4.16,91
1447,50,2025-01-19,71,2.83,53,3,3.8,96
1448,1,2026-01-27,68,3.08,2,3,11.26,64
1449,69,2024-01-07,64,2.54,48,8,12.21,88
1450,28,2025-02-06,69,3.79,7,6,13.93,63
1451,31,2024-02-15,47,3.49,31,7,12.46,83
1452,17,2026-05-07,91,3.83,12,11,9.54,77
1453,2,2024-02-14,84,3.86,16,1,12.91,97
1454,76,2024-01-30,52,4.97,8,13,11.14,100
1455,19,2026-02-24,68,2.84,34,6,2.46,72
1456,59,2026-05-28,93,3.43,60,12,9.0,74
1457,15,2026-01-03,81,4.12,24,7,0.72,99
1458,69,2026-08-14,72,2.61,60,6,13.77,91
1459,38,2024-02-14,87,3.3,35,11,8.9,68
1460,41,2024-08-18,63,4.37,37,12,4.35,81
1461,66,2025-09-01,50,2.81,3,11,8.46,95
1462,50,2026-02-19,67,4.07,68,4,4.32,78
1463,43,2024-06-01,70,4.95,21,14,2.6,83
1464,16,2024-01-13,76,4.04,7,6,10.52,84
1465,31,2025-03-09,96,3.52,54,14,2.18,94
1466,4,2026-07-12,73,2.53,58,14,9.64,86
1467,52,2025-05-31,46,2.83,46,13,14.92,83
1468,47,2024-08-23,46,2.68,26,11,0.17,88
1469,87,2024-11-19,91,4.09,12,7,7.51,66
1470,55,2024-07-02,48,3.37,57,10,1.02,68
1471,33,2025-08-03,64,2.69,32,10,4.96,88
1472,34,2024-04-09,48,4.27,34,12,11.21,73
1473,88,2024-05-06,96,3.3,60,10,0.91,89
1474,74,2025-03-21,92,2.7,68,11,8.68,85
1475,96,2025-02-01,64,4.62,52,10,3.3,81
1476,16,2025-10-04,80,3.09,42,12,9.15,76
1477,86,2024-02-20,80,3.65,71,1,5.68,89
1478,99,2025-07-09,56,4.93,62,14,7.16,65
1479,34,2025-09-09,60,4.64,13,10,2.87,61
1480,47,2025-12-07,72,3.72,28,4,12.77,69
1481,91,2025-08-02,83,4.25,28,13,10.27,73
1482,52,2024-11-25,63,3.15,24,14,8.45,68
1483,31,2025-01-20,93,2.91,51,15,12.08,89
1484,80,2025-09-28,82,4.13,34,3,6.65,75
1485,91,2024-02-17,55,3.06,69,14,5.14,69
1486,18,2024-03-07,60,4.22,3,10,1.5,60
1487,55,2024-08-05,84,2.97,23,9,4.26,68
1488,39,2026-03-29,76,4.15,68,3,13.35,60
1489,87,2025-12-07,75,3.33,42,14,1.35,77
1490,44,2025-03-22,53,4.74,8,15,13.9,80
1491,73,2024-05-07,89,4.02,9,4,8.31,74
1492,4,2024-08-06,45,4.29,51,13,4.34,75
1493,87,2026-07-24,54,2.96,56,11,10.9,69
1494,17,2025-02-28,76,3.62,60,4,3.14,64
1495,93,2026-01-17,77,4.25,5,7,6.09,79
1496,62,2024-02-23,46,4.81,57,1,3.19,83
1497,31,2025-05-30,69,4.49,43,10,4.77,99
1498,39,2025-04-29,53,4.08,11,12,12.38,100
1499,91,2025-11-22,64,4.32,17,15,7.49,61
1500,83,2025-03-06,72,3.68,47,9,2.59,89
1501,18,2024-01-15,68,3.92,1,14,13.9,70
1502,6,2025-10-11,60,4.27,25,13,7.67,82
1503,52,2025-04-03,95,3.16,53,12,1.16,96
1504,35,2025-08-24,65,3.99,27,2,7.89,73
1505,90,2025-12-26,94,3.93,63,12,8.66,94
1506,36,2025-03-13,98,4.99,10,5,9.02,92
1507,5,2025-09-03,82,4.35,41,14,4.77,78
1508,90,2024-10-30,96,4.15,19,14,6.31,87
1509,28,2024-04-13,53,2.83,29,10,3.93,84
1510,17,2026-04-04,51,2.89,71,10,10.59,94
1511,84,2026-08-13,49,4.15,14,6,9.28,95
1512,44,2025-03-23,59,3.13,1,12,1.19,88
1513,95,2025-06-27,89,4.97,21,3,13.65,97
1514,91,2024-06-14,64,4.85,39,3,12.42,100
1515,44,2026-03-03,70,4.29,65,12,7.43,92
1516,65,2025-10-26,78,2.85,17,4,6.81,94
1517,62,2025-06-18,48,3.32,70,14,4.42,84
1518,7,2025-10-19,69,4.24,26,12,10.88,96
1519,48,2024-01-26,70,3.26,69,14,14.53,85
1520,97,2025-08-03,88,3.31,55,11,6.71,77
1521,100,2026-05-28,95,3.47,70,4,14.57,99
1522,57,2025-08-10,54,3.0,16,1,12.61,63
1523,19,2024-11-26,71,2.71,52,3,0.21,86
1524,46,2025-05-26,65,4.33,65,7,14.27,81
1525,86,2026-06-28,78,4.87,42,6,11.3,82
1526,64,2024-01-06,67,2.75,23,5,7.11,77
1527,1,2026-04-07,48,3.47,58,6,7.86,86
1528,68,2024-12-27,99,2.83,8,6,1.16,84
1529,33,2024-09-23,65,2.77,23,15,3.92,79
1530,9,2026-03-31,94,3.78,61,15,4.51,69
1531,26,2026-05-06,57,3.82,69,7,0.35,74
1532,41,2024-09-08,97,3.67,6,12,1.05,61
1533,53,2026-07-27,57,2.61,39,13,14.06,69
1534,28,2026-01-18,77,4.11,8,3,0.77,81
1535,7,2026-03-06,79,4.03,69,4,0.55,98
1536,36,2026-02-27,92,2.67,35,11,8.72,97
1537,56,2026-06-17,85,2.67,61,10,7.32,96
1538,63,2024-08-02,53,4.6,44,3,8.37,67
1539,47,2025-04-20,69,4.02,68,1,4.55,62
1540,27,2025-06-05,67,4.38,49,13,10.4,79
1541,2,2026-06-28,81,3.3,29,10,3.84,61
1542,44,2024-01-02,82,4.57,71,1,2.19,87
1543,22,2026-03-31,90,4.04,35,3,9.8,62
1544,30,2024-12-06,50,3.38,68,10,14.63,68
1545,67,2024-06-06,62,4.03,3,8,2.95,79
1546,6,2025-06-29,59,2.74,57,11,6.95,78
1547,56,2025-06-09,74,3.41,47,2,9.88,64
1548,55,2025-05-27,92,3.17,67,12,2.47,60
1549,67,2025-12-14,93,4.31,41,13,9.66,85
1550,66,2025-10-24,96,4.84,14,10,6.36,75
1551,99,2026-01-09,59,2.92,55,1,11.08,83
1552,71,2024-10-26,69,4.29,36,3,6.94,90
1553,67,2025-02-16,58,2.75,57,4,10.53,84
1554,24,2026-08-03,98,3.98,12,6,1.47,93
1555,98,2026-06-26,50,3.67,65,3,4.49,69
1556,49,2025-07-15,97,3.4,44,10,4.75,99
1557,76,2025-04-16,98,2.56,54,15,2.38,68
1558,93,2026-08-26,54,3.05,61,2,6.81,92
1559,75,2024-02-27,46,4.95,22,4,7.13,96
1560,5,2025-10-04,90,4.53,55,6,12.38,94
1561,82,2025-08-17,73,2.64,71,5,12.17,88
1562,42,2024-07-26,90,3.15,57,7,7.5,80
1563,76,2026-05-13,78,2.69,70,9,9.4,62
1564,58,2024-11-24,92,3.03,66,2,5.36,64
1565,64,2026-02-19,83,2.65,39,6,7.7,98
1566,92,2024-09-26,85,3.48,52,14,8.29,92
1567,71,2024-01-18,77,3.61,27,9,0.44,69
1568,88,2024-07-03,75,3.5,20,4,8.95,66
1569,15,2025-07-14,85,4.47,4,11,12.76,65
1570,70,2025-06-07,51,2.89,70,9,9.69,66
1571,99,2026-07-26,53,4.54,4,11,12.43,60
1572,52,2025-08-23,69,4.29,5,14,1.86,89
1573,17,2025-07-20,59,3.7,19,10,8.37,84
1574,78,2025-11-08,59,3.06,66,11,13.95,87
1575,39,2025-03-06,83,4.76,6,4,10.74,62
1576,63,2024-07-14,65,3.65,53,14,7.83,74
1577,44,2026-01-27,67,4.23,2,13,7.35,75
1578,13,2025-10-09,94,2.93,28,2,4.91,81
1579,6,2025-01-01,88,4.61,41,8,10.17,62
1580,17,2025-06-12,86,2.73,62,10,9.09,74
1581,36,2025-07-04,90,4.56,34,1,4.74,92
1582,27,2026-08-31,51,4.93,40,2,4.7,90
1583,7,2025-10-25,86,4.8,14,13,2.37,74
1584,42,2024-11-28,99,2.62,52,9,14.86,67
1585,81,2025-08-19,93,3.48,69,10,1.21,62
1586,82,2026-06-13,73,4.7,58,10,6.75,63
1587,19,2024-12-31,59,4.1,39,13,11.69,77
1588,55,2024-01-26,77,3.23,53,8,8.66,78
1589,98,2026-04-13,59,4.55,55,12,12.86,79
1590,3,2026-02-15,49,3.58,18,10,4.86,73
1591,64,2025-01-09,77,4.15,16,6,8.78,91
1592,58,2025-06-05,90,4.79,19,11,6.64,66
1593,51,2026-04-29,80,4.44,27,12,0.66,96
1594,12,2024-08-20,66,3.9,39,11,2.54,74
1595,23,2026-01-26,64,2.73,48,2,8.29,100
1596,33,2026-07-21,79,3.12,56,13,5.9,89
1597,27,2025-02-02,64,3.23,50,14,7.12,76
1598,23,2026-08-01,91,2.81,46,9,4.32,65
1599,81,2024-12-10,76,3.17,15,7,1.05,60
1600,2,2025-08-01,55,4.74,10,9,10.0,85
1601,71,2026-03-17,49,4.11,37,15,14.98,74
1602,98,2025-12-23,64,4.59,62,7,10.52,63
1603,76,2024-10-21,61,4.54,27,12,7.35,88
1604,4,2024-09-04,92,4.99,17,9,6.14,100
1605,26,2024-12-22,94,4.84,20,7,14.43,100
1606,96,2025-07-25,46,3.94,50,12,12.31,67
1607,25,2025-03-01,71,3.44,59,2,9.04,84
1608,53,2026-07-26,72,4.88,1,3,14.96,85
1609,31,2024-05-16,62,2.93,5,3,11.92,68
1610,88,2024-03-15,89,4.95,35,10,8.87,62
1611,27,2025-05-14,91,3.59,55,9,3.39,86
1612,46,2024-03-14,84,4.35,13,8,12.98,99
1613,42,2024-10-27,54,4.09,36,14,6.11,77
1614,4,2025-04-13,84,2.91,32,13,12.89,64
1615,39,2026-06-08,99,3.49,47,7,13.24,68
1616,49,2025-01-23,97,2.63,71,7,3.77,68
1617,28,2026-07-04,49,3.92,46,12,13.58,84
1618,79,2025-01-19,85,3.34,21,11,2.82,88
1619,34,2024-11-27,96,2.73,6,1,3.32,95
1620,1,2026-05-01,56,4.36,43,6,1.05,73
1621,35,2024-05-24,94,3.22,33,15,8.28,90
1622,24,2026-02-12,79,4.78,30,10,0.11,90
1623,31,2025-01-17,59,2.67,47,5,5.73,65
1624,88,2024-09-23,75,3.23,26,3,5.43,67
1625,90,2024-08-06,95,3.97,68,9,7.05,80
1626,9,2024-10-19,53,4.69,2,5,0.31,80
1627,32,2024-02-23,73,3.74,56,7,1.51,72
1628,90,2025-05-06,78,4.51,65,1,0.99,94
1629,32,2024-09-13,50,3.28,11,6,1.47,64
1630,30,2025-05-12,72,3.7,53,3,9.51,60
1631,71,2025-10-08,49,3.87,13,1,9.27,85
1632,68,2025-02-20,65,3.56,17,6,11.44,63
1633,83,2025-11-03,80,4.13,1,3,12.97,97
1634,26,2025-12-24,60,4.81,10,6,14.14,71
1635,96,2024-07-08,57,2.53,5,1,2.85,63
1636,65,2026-07-26,72,4.69,43,15,10.46,80
1637,18,2024-01-28,55,3.22,13,2,4.41,69
1638,52,2026-01-26,71,3.7,14,6,1.22,80
1639,76,2024-07-29,81,2.85,13,14,6.09,75
1640,95,2024-02-02,78,2.85,18,14,2.14,62
1641,41,2025-01-16,59,4.67,17,3,10.01,63
1642,49,2026-05-20,53,4.14,13,11,11.11,62
1643,10,2025-08-12,52,4.4,33,9,4.67,74
1644,13,2024-04-29,57,3.07,23,6,2.8,84
1645,28,2025-11-26,55,3.11,33,6,12.5,86
1646,37,2026-03-02,66,2.82,39,3,7.56,79
1647,39,2025-03-16,84,3.61,1,3,4.03,92
1648,55,2024-09-10,57,3.17,7,12,12.17,82
1649,56,2024-10-10,93,3.63,61,11,13.58,75
1650,85,2024-12-30,81,3.88,47,3,9.37,74
1651,52,2025-02-17,98,4.44,43,12,2.75,84
1652,48,2024-06-10,97,3.33,9,5,7.37,84
1653,48,2025-03-02,95,3.12,66,1,9.33,86
1654,39,2025-12-15,51,3.17,48,4,3.81,97
1655,48,2026-08-03,55,3.22,57,13,14.89,77
1656,98,2025-07-28,70,3.59,41,11,3.58,73
1657,75,2025-07-18,89,4.22,53,3,11.45,96
1658,44,2025-05-20,92,3.12,38,4,13.17,84
1659,76,2026-06-03,54,3.24,44,8,1.32,89
1660,83,2024-11-27,89,4.84,26,12,9.42,74
1661,35,2026-02-06,58,4.85,37,7,8.27,92
1662,55,2026-01-18,60,4.17,4,7,11.79,85
1663,69,2025-09-15,54,3.24,61,10,9.62,99
1664,97,2025-11-20,93,3.87,10,7,1.53,74
1665,65,2024-03-31,50,2.75,66,11,3.03,89
1666,4,2025-04-27,60,2.56,27,8,2.05,63
1667,89,2025-03-09,55,4.44,1,2,4.18,99
1668,62,2026-01-19,80,4.76,3,9,13.45,84
1669,36,2026-03-13,81,3.02,17,2,14.69,85
1670,26,2026-05-08,82,4.42,57,7,2.84,77
1671,19,2024-12-18,92,3.95,22,7,12.65,78
1672,97,2026-02-05,70,3.01,25,10,1.72,68
1673,75,2024-09-25,96,3.97,39,1,3.31,96
1674,65,2026-01-05,99,4.16,15,3,9.67,84
1675,38,2025-02-25,81,3.65,53,8,14.84,61
1676,88,2024-04-17,80,3.06,43,4,9.04,62
1677,50,2025-08-04,51,2.92,4,2,6.08,75
1678,78,2024-08-19,62,4.33,5,13,11.34,72
1679,30,2026-05-03,62,4.93,28,8,13.77,86
1680,62,2024-02-16,87,4.5,36,9,11.94,78
1681,73,2026-06-04,79,4.49,34,2,10.95,64
1682,56,2024-04-03,76,4.0,5,2,14.91,94
1683,14,2025-11-09,70,2.53,37,10,9.85,97
1684,85,2026-07-04,50,4.43,7,14,4.74,70
1685,5,2025-02-17,54,3.82,54,14,6.31,67
1686,70,2024-09-09,47,4.37,10,15,9.35,62
1687,38,2024-11-05,54,2.8,26,5,7.58,81
1688,71,2025-03-11,61,4.72,8,4,4.86,64
1689,8,2024-04-12,89,3.7,13,8,12.58,97
1690,27,2026-05-25,79,3.46,11,6,11.83,66
1691,90,2025-08-19,50,4.48,15,4,13.17,66
1692,88,2025-11-16,64,4.82,3,3,4.62,89
1693,1,2024-10-23,55,4.93,67,9,12.06,65
1694,12,2024-11-20,52,2.83,69,8,12.78,79
1695,18,2025-03-22,76,4.83,10,13,13.95,73
1696,61,2024-07-11,99,3.78,63,7,4.49,87
1697,78,2024-11-04,49,3.1,11,1,13.78,91
1698,79,2024-06-22,52,4.14,49,2,11.76,78
1699,32,2025-12-28,86,2.88,45,5,13.17,64
1700,31,2025-11-10,50,4.8,28,6,0.87,98
1701,56,2024-12-11,87,2.96,9,7,8.26,82
1702,22,2024-01-03,65,2.94,64,12,4.75,64
1703,18,2025-08-20,85,3.41,63,12,12.15,89
1704,70,2025-03-12,83,4.26,36,9,7.93,82
1705,50,2025-08-28,83,3.21,29,1,0.56,66
1706,81,2024-08-01,89,4.33,56,8,5.28,85
1707,47,2025-04-04,68,4.45,38,15,2.27,71
1708,82,2025-02-18,91,2.72,20,7,6.12,83
1709,47,2024-03-25,46,3.15,2,8,0.44,62
1710,38,2026-04-18,99,5.0,36,2,12.6,60
1711,49,2026-03-17,77,4.12,54,14,2.78,62
1712,90,2026-04-12,77,3.61,14,15,0.18,100
1713,53,2025-05-12,71,3.85,8,11,4.15,66
1714,18,2026-01-07,79,2.85,61,7,2.61,92
1715,15,2024-05-31,52,3.38,21,3,3.52,95
1716,24,2024-11-30,56,3.89,37,1,8.09,90
1717,20,2024-02-09,78,2.98,39,1,0.12,65
1718,93,2025-01-16,93,3.89,58,10,12.06,74
1719,14,2024-07-17,90,2.79,32,6,10.04,80
1720,41,2025-08-29,94,4.86,19,3,11.52,93
1721,17,2025-05-16,97,2.52,56,5,1.85,83
1722,72,2026-08-06,47,4.0,60,9,3.68,68
1723,70,2024-10-21,46,4.63,4,15,4.57,99
1724,92,2026-03-16,66,3.11,10,10,5.06,68
1725,98,2025-04-25,77,4.4,13,15,9.87,78
1726,72,2025-07-17,71,4.5,37,12,13.27,68
1727,5,2024-08-16,56,2.71,66,11,8.38,99
1728,3,2025-10-19,69,3.06,45,8,14.72,95
1729,91,2025-11-14,46,4.18,30,8,8.42,67
1730,19,2026-04-21,51,3.05,57,5,13.97,75
1731,93,2024-11-26,70,3.99,2,6,12.23,95
1732,45,2026-02-16,76,4.46,40,12,11.55,94
1733,36,2025-08-03,56,3.94,1,14,6.34,87
1734,82,2026-03-31,48,4.22,46,15,2.38,98
1735,70,2025-03-06,72,2.54,9,12,0.82,81
1736,59,2024-03-25,60,3.08,35,6,6.72,62
1737,52,2025-11-10,65,2.86,54,2,13.9,86
1738,72,2025-10-12,49,3.25,71,1,2.19,74
1739,3,2024-06-13,77,3.2,62,12,6.04,99
1740,82,2026-05-30,84,4.62,38,5,4.59,91
1741,24,2024-09-03,65,4.51,2,9,4.3,71
1742,96,2026-02-24,54,4.75,23,4,4.59,60
1743,5,2024-12-16,62,2.7,17,5,1.75,81
1744,32,2024-10-15,70,4.0,42,9,5.14,89
1745,75,2024-06-15,46,3.46,64,10,12.15,60
1746,36,2024-08-14,55,3.42,8,4,14.95,73
1747,85,2024-07-04,54,4.05,44,11,9.04,82
1748,29,2025-01-31,99,2.71,69,15,12.18,93
1749,29,2026-07-15,47,3.2,18,10,6.58,71
1750,89,2024-06-09,84,4.0,57,3,1.58,78
1751,77,2025-07-08,53,4.57,4,5,1.4,89
1752,99,2026-07-10,56,4.76,46,11,3.69,71
1753,52,2025-02-09,69,4.01,61,14,14.86,60
1754,29,2025-08-23,53,4.55,5,4,1.9,74
1755,21,2024-01-08,77,2.61,69,13,14.07,82
1756,24,2025-08-13,54,2.61,13,11,8.82,66
1757,31,2025-05-13,86,3.11,48,10,3.46,98
1758,11,2025-10-25,83,2.65,8,11,0.42,97
1759,44,2026-01-02,72,2.75,19,3,12.64,84
1760,92,2024-12-28,88,3.2,64,2,7.76,83
1761,77,2024-08-20,64,2.51,58,10,14.96,69
1762,1,2024-05-19,63,4.48,45,12,12.08,73
1763,96,2026-07-27,59,2.71,50,11,9.45,89
1764,69,2026-05-07,94,2.69,43,7,4.42,78
1765,32,2024-07-19,73,2.53,16,10,4.51,82
1766,87,2025-05-25,84,4.25,14,15,1.3,88
1767,55,2025-10-25,71,4.28,44,1,5.23,90
1768,98,2024-03-29,71,2.67,4,13,8.67,95
1769,90,2026-03-27,86,3.3,71,1,6.16,64
1770,93,2025-02-04,84,2.65,17,4,1.13,67
1771,62,2025-10-09,85,3.87,57,1,5.86,90
1772,55,2024-05-06,58,3.34,18,3,3.06,91
1773,70,2025-06-13,67,3.96,10,14,2.16,100
1774,93,2024-03-26,63,4.12,48,7,3.39,91
1775,11,2026-08-19,63,4.61,40,4,0.42,61
1776,96,2026-02-09,60,3.63,44,13,13.63,96
1777,69,2024-07-31,81,4.77,20,14,3.73,64
1778,19,2024-08-01,61,3.59,65,14,5.76,99
1779,17,2025-11-05,75,4.39,69,12,3.94,91
1780,71,2026-06-22,57,4.5,64,7,5.2,64
1781,44,2025-11-14,58,4.8,18,1,1.5,77
1782,4,2024-10-26,97,3.47,46,3,10.53,85
1783,24,2026-04-04,72,3.61,29,14,13.32,64
1784,19,2026-04-07,76,2.96,36,6,14.15,74
1785,32,2025-09-20,76,4.88,47,11,5.94,84
1786,61,2024-06-12,71,3.15,57,9,4.47,87
1787,22,2024-01-23,62,4.54,37,12,5.58,67
1788,40,2024-05-12,71,4.06,41,1,14.38,97
1789,73,2024-05-26,71,3.32,69,15,5.07,67
1790,87,2025-12-29,48,4.67,17,13,6.76,86
1791,64,2025-09-20,56,3.99,30,12,4.86,61
1792,57,2024-03-15,82,4.44,33,11,13.17,68
1793,17,2026-07-11,81,2.78,56,14,11.76,83
1794,1,2025-07-17,56,2.87,26,5,13.41,89
1795,89,2026-01-10,99,4.25,1,5,13.67,91
1796,73,2024-10-25,74,4.64,18,6,1.83,93
1797,90,2025-06-26,86,2.63,4,4,3.53,99
1798,18,2026-03-03,50,3.23,72,11,12.63,69
1799,32,2025-12-16,57,3.61,20,12,0.94,96
1800,91,2024-01-13,62,3.29,51,8,6.06,88
1801,51,2025-03-12,57,3.52,29,11,2.2,93
1802,26,2024-01-28,45,2.78,18,15,11.93,69
1803,7,2025-02-01,91,4.19,38,9,13.78,68
1804,33,2025-03-09,94,4.91,70,4,3.15,73
1805,58,2025-09-11,88,3.94,3,13,7.69,94
1806,52,2026-05-22,76,4.31,11,12,3.18,60
1807,43,2024-05-16,85,4.19,37,15,6.58,98
1808,4,2024-04-26,80,4.96,54,5,8.57,63
1809,25,2026-08-10,54,3.15,48,13,13.02,96
1810,28,2024-10-25,68,2.62,1,2,1.71,81
1811,51,2025-07-07,52,3.69,68,12,10.39,63
1812,7,2024-10-19,58,4.88,66,10,9.62,62
1813,33,2024-12-22,85,2.67,37,1,4.15,64
1814,52,2024-07-14,69,4.73,44,2,10.34,81
1815,67,2024-11-13,85,4.14,36,9,9.72,90
1816,59,2024-01-13,65,3.38,7,4,0.73,100
1817,14,2025-05-13,70,3.79,41,7,4.3,67
1818,58,2026-06-28,80,3.16,12,15,9.16,69
1819,60,2025-12-11,95,4.78,14,7,13.47,93
1820,72,2024-04-19,86,4.26,62,12,1.63,65
1821,47,2024-04-25,78,4.82,55,13,7.81,87
1822,11,2024-07-25,81,3.93,50,8,5.41,93
1823,85,2026-06-04,57,2.9,9,8,13.06,80
1824,4,2024-12-31,66,4.92,69,4,5.69,76
1825,83,2025-07-12,79,2.67,45,7,4.97,69
1826,48,2026-02-27,60,3.41,31,4,8.72,97
1827,98,2024-04-06,77,2.91,21,7,6.06,69
1828,60,2025-07-06,94,4.25,43,9,0.75,81
1829,35,2026-04-14,72,3.57,63,10,13.05,60
1830,100,2024-07-02,57,2.52,66,6,3.15,89
1831,62,2024-11-20,93,3.46,72,13,9.75,76
1832,9,2025-01-14,85,3.43,8,3,4.87,93
1833,39,2026-04-17,72,2.77,31,1,12.08,89
1834,25,2025-10-16,45,3.84,61,3,13.3,60
1835,59,2026-08-30,93,4.57,72,14,10.75,70
1836,62,2024-05-03,95,3.69,59,15,11.23,67
1837,98,2025-10-30,77,3.23,41,3,10.43,90
1838,65,2024-05-29,69,3.0,8,1,6.69,65
1839,10,2025-05-15,48,4.57,36,3,2.98,78
1840,28,2025-04-25,88,4.91,45,12,9.91,88
1841,13,2025-08-19,93,4.05,55,15,1.89,97
1842,81,2026-03-01,75,2.77,47,12,9.19,82
1843,52,2026-01-10,70,4.42,53,5,0.71,99
1844,88,2024-01-17,69,3.81,31,4,4.38,77
1845,3,2026-08-25,84,4.28,20,3,14.05,78
1846,18,2024-07-24,88,3.45,47,4,11.73,99
1847,89,2024-09-06,56,2.82,12,10,1.23,76
1848,80,2025-11-18,90,2.53,3,6,10.43,90
1849,32,2025-08-23,71,2.63,15,6,7.44,100
1850,15,2024-02-14,50,4.77,43,1,11.2,66
1851,9,2024-02-03,70,4.27,20,7,0.23,92
1852,18,2026-07-20,70,3.37,27,11,4.0,89
1853,44,2024-11-22,83,3.64,72,15,12.82,74
1854,37,2025-09-06,77,3.75,27,6,7.43,65
1855,24,2025-01-28,51,3.21,52,8,8.6,76
1856,32,2025-11-26,90,3.76,53,11,5.87,78
1857,31,2025-12-10,96,2.89,27,2,14.14,91
1858,18,2024-05-25,97,4.14,55,6,2.28,93
1859,40,2026-01-07,70,3.85,34,14,13.35,70
1860,64,2024-01-22,87,2.82,1,1,12.18,69
1861,70,2026-03-19,70,4.16,12,5,10.03,84
1862,3,2024-08-01,65,2.72,4,9,11.51,77
1863,19,2026-06-19,76,4.69,52,11,3.12,63
1864,83,2025-01-25,89,4.31,31,6,13.49,73
1865,77,2024-02-28,90,4.41,26,13,0.29,63
1866,93,2024-03-08,47,3.97,68,14,8.97,75
1867,71,2024-02-15,73,3.8,1,13,14.11,94
1868,23,2024-03-07,78,4.11,30,6,10.52,77
1869,43,2026-01-27,79,4.7,24,10,10.28,99
1870,30,2024-03-31,48,4.81,29,11,6.71,87
1871,32,2025-06-08,94,3.54,22,9,13.75,61
1872,11,2024-11-06,53,4.96,55,9,1.1,96
1873,100,2026-06-11,74,4.74,33,13,6.92,60
1874,45,2026-08-27,90,3.05,12,1,14.69,95
1875,28,2025-05-24,88,4.45,32,1,12.94,87
1876,26,2025-07-25,83,3.62,65,5,14.68,66
1877,75,2025-04-30,52,4.37,18,11,6.39,74
1878,53,2026-04-11,91,4.66,4,13,10.95,85
1879,63,2026-06-09,72,3.7,13,9,7.48,85
1880,17,2025-07-11,87,3.83,28,7,13.91,87
1881,68,2026-06-19,87,4.17,4,2,10.96,85
1882,100,2024-06-11,95,4.1,59,15,6.08,97
1883,24,2024-01-12,72,3.58,57,9,12.48,92
1884,73,2026-04-16,89,4.22,58,11,6.02,85
1885,42,2025-08-17,55,2.97,69,10,0.11,78
1886,75,2025-09-29,60,4.52,69,2,2.12,81
1887,62,2025-01-24,75,3.66,56,6,14.62,91
1888,38,2024-01-26,46,3.87,25,15,8.4,94
1889,41,2026-07-02,46,4.81,38,2,11.62,66
1890,100,2026-04-22,69,3.32,71,10,2.91,64
1891,18,2025-07-01,82,4.89,46,14,6.01,65
1892,69,2025-03-14,73,2.7,15,14,14.66,93
1893,6,2024-07-07,48,4.68,47,13,0.75,98
1894,34,2026-05-05,62,3.99,24,9,14.22,95
1895,63,2026-03-03,67,4.1,7,11,3.57,61
1896,19,2024-12-14,82,2.99,16,2,10.99,69
1897,82,2025-05-20,45,2.66,65,7,12.55,62
1898,36,2024-12-18,55,3.93,3,7,9.96,98
1899,20,2025-10-11,56,2.91,25,7,9.11,67
1900,72,2025-10-16,46,3.46,6,1,11.76,91
1901,26,2025-10-28,46,4.85,34,13,2.67,84
1902,91,2024-10-22,72,2.85,58,6,3.66,100
1903,4,2026-04-06,89,4.52,64,15,11.75,65
1904,83,2026-07-11,93,3.19,51,11,14.42,83
1905,53,2025-07-09,88,4.44,64,5,0.84,84
1906,64,2024-09-17,95,3.02,39,5,14.1,74
1907,43,2025-07-03,91,2.66,49,11,6.49,95
1908,85,2025-06-02,97,3.55,66,4,10.03,77
1909,26,2025-11-01,95,3.24,30,11,14.1,82
1910,71,2025-02-05,72,4.07,54,14,7.47,87
1911,39,2025-04-29,78,3.28,20,1,12.92,89
1912,47,2024-06-11,78,3.68,66,15,9.17,75
1913,99,2024-11-03,86,3.52,72,4,9.89,76
1914,32,2024-01-25,91,3.58,44,14,8.08,82
1915,98,2025-09-02,91,4.48,41,13,0.99,62
1916,23,2024-02-22,79,3.17,60,3,11.02,60
1917,59,2025-04-02,57,3.2,26,10,0.78,89
1918,30,2024-10-03,92,3.73,19,14,14.58,80
1919,82,2024-03-05,95,4.81,1,4,8.48,61
1920,54,2025-12-06,53,3.34,45,2,5.38,68
1921,90,2024-04-06,85,2.51,44,1,9.9,95
1922,40,2024-09-28,58,3.36,9,3,13.64,98
1923,99,2025-09-27,88,4.22,30,14,3.43,91
1924,98,2025-08-12,66,2.97,13,2,2.22,82
1925,4,2026-04-16,62,4.98,22,7,5.43,89
1926,34,2024-04-23,54,3.88,49,15,2.83,82
1927,89,2026-01-02,48,3.81,64,4,7.98,95
1928,87,2024-02-11,67,3.37,44,2,3.97,87
1929,78,2024-03-21,97,4.77,11,10,3.56,66
1930,62,2026-02-12,87,4.75,39,6,12.45,80
1931,88,2025-04-30,59,4.22,5,15,11.5,68
1932,24,2024-09-13,79,4.61,54,8,3.08,88
1933,50,2026-04-30,51,4.99,18,14,1.39,80
1934,61,2024-06-26,68,4.91,22,13,6.44,66
1935,97,2025-02-05,72,2.57,33,9,1.87,88
1936,21,2025-09-09,45,3.97,8,7,8.61,65
1937,56,2026-08-30,60,2.55,31,15,9.32,81
1938,10,2026-01-08,72,4.36,8,5,5.1,81
1939,79,2025-03-27,97,3.98,19,15,12.33,86
1940,30,2026-04-27,88,4.51,23,13,3.31,74
1941,100,2026-05-20,78,4.8,68,1,4.7,82
1942,12,2026-04-15,87,3.23,20,1,2.26,98
1943,32,2024-06-28,70,3.24,6,14,10.22,95
1944,93,2025-03-28,60,2.77,33,3,7.12,83
1945,49,2025-08-27,74,2.96,9,2,10.8,78
1946,4,2026-05-21,92,3.21,34,4,13.44,93
1947,91,2024-08-18,57,4.12,32,7,13.26,83
1948,11,2025-05-10,47,4.21,21,11,14.72,90
1949,16,2024-04-27,88,4.11,42,1,6.18,97
1950,87,2026-04-08,74,4.01,50,15,11.76,81
1951,9,2024-05-24,73,3.03,21,9,1.76,87
1952,88,2026-04-19,84,2.71,7,12,7.6,74
1953,80,2026-03-16,54,2.89,71,4,6.02,64
1954,42,2026-03-02,73,3.04,59,7,11.69,67
1955,4,2025-03-28,67,2.84,66,11,6.82,60
1956,83,2024-09-17,63,3.37,11,6,12.96,63
1957,36,2026-01-30,65,2.63,23,1,2.05,84
1958,67,2026-02-01,60,3.9,72,10,0.61,73
1959,40,2025-02-13,85,3.37,8,3,8.96,92
1960,58,2024-01-09,93,3.49,31,11,11.71,77
1961,78,2025-11-26,94,4.3,27,5,6.18,89
1962,45,2026-03-18,64,4.06,69,12,10.88,75
1963,55,2025-11-11,79,3.76,6,2,13.34,95
1964,17,2024-09-06,73,2.93,7,14,11.28,66
1965,32,2024-01-03,62,3.44,13,9,4.73,69
1966,13,2024-06-26,60,3.84,71,3,5.49,75
1967,5,2025-06-19,94,3.88,26,11,10.99,84
1968,16,2024-08-31,91,4.45,53,4,6.29,60
1969,69,2024-09-08,81,4.19,12,11,14.08,90
1970,95,2025-10-25,69,4.0,60,12,7.7,79
1971,63,2024-03-23,72,3.71,6,1,0.44,68
1972,33,2024-04-26,89,4.29,7,8,13.71,89
1973,56,2026-05-08,60,3.17,47,14,11.93,94
1974,78,2024-03-23,65,2.76,28,8,0.2,83
1975,98,2025-01-05,52,4.71,11,10,4.05,79
1976,34,2024-12-12,68,3.55,61,3,9.29,82
1977,50,2024-08-29,97,2.79,24,8,6.47,65
1978,57,2025-05-27,73,4.34,15,12,11.35,92
1979,54,2024-04-19,93,2.85,55,4,8.81,85
1980,18,2024-08-12,92,3.5,49,15,11.67,94
1981,4,2026-05-16,68,3.41,27,8,1.57,94
1982,68,2025-12-04,75,4.37,6,3,10.97,73
1983,84,2024-11-05,90,4.4,37,11,5.77,64
1984,39,2026-01-14,95,3.48,49,3,7.46,73
1985,28,2026-03-08,45,3.24,15,2,12.1,86
1986,13,2024-08-20,88,3.25,14,6,2.86,92
1987,15,2024-09-25,83,3.49,69,12,6.38,86
1988,62,2025-01-31,46,4.6,50,6,5.72,96
1989,76,2026-03-09,77,4.76,3,4,5.72,95
1990,30,2026-07-31,45,2.57,70,4,7.35,98
1991,83,2025-08-13,59,3.5,30,12,12.66,82
1992,24,2026-08-15,92,4.88,15,11,9.69,90
1993,8,2024-02-21,69,3.32,29,5,1.06,76
1994,49,2025-04-07,92,4.84,19,10,1.5,94
1995,22,2024-01-21,53,3.78,36,8,1.95,72
1996,12,2024-12-08,79,2.79,52,11,0.9,90
1997,87,2025-05-03,73,3.81,67,11,3.86,96
1998,37,2024-04-19,82,4.04,8,6,2.5,68
1999,63,2025-03-03,52,2.78,70,14,6.2,81
2000,46,2026-08-21,78,4.34,71,10,8.06,66
