id,month,year,compliance_score,compliant_count,partially_compliant_count,non_compliant_count,not_assessed_count,created_at
1,COMPLIAN-000001,2025,6.18,4883,2648,1809,2086,2026-08-14 15:04:12
2,COMPLIAN-000002,2025,6.9,1411,3112,2604,1684,2027-01-27 11:00:22
3,COMPLIAN-000003,2026,22.31,4805,4780,2115,1599,2026-08-05 16:32:09
4,COMPLIAN-000004,2026,6.7,3111,652,4053,4916,2026-06-17 10:47:49
5,COMPLIAN-000005,2025,15.83,1885,4894,4676,3641,2026-09-17 11:53:44
6,COMPLIAN-000006,2026,23.43,1513,3488,2935,3861,2027-03-19 12:33:24
7,COMPLIAN-000007,2026,3.34,4910,4489,394,2870,2026-08-13 11:50:46
8,COMPLIAN-000008,2025,9.89,1872,1056,1145,3805,2026-07-23 12:35:42
9,COMPLIAN-000009,2025,17.67,2743,2607,1528,1253,2026-11-30 18:20:54
10,COMPLIAN-000010,2025,12.39,3885,4761,2387,769,2025-09-28 12:30:44
11,COMPLIAN-000011,2025,7.84,404,653,4239,1929,2025-10-09 14:54:42
12,COMPLIAN-000012,2025,24.45,4358,4290,2742,3901,2025-12-13 17:45:49
13,COMPLIAN-000013,2025,24.71,2683,2341,1514,1029,2027-01-22 14:04:20
14,COMPLIAN-000014,2025,16.08,2135,4310,327,2353,2027-01-26 14:47:20
15,COMPLIAN-000015,2026,8.16,1221,1410,4687,1548,2026-03-03 17:22:19
16,COMPLIAN-000016,2025,6.77,554,807,674,1365,2026-01-03 13:47:15
17,COMPLIAN-000017,2025,4.31,2980,2304,2377,961,2027-03-01 17:41:46
18,COMPLIAN-000018,2025,21.98,910,1400,3801,4734,2026-12-01 18:35:49
19,COMPLIAN-000019,2026,15.07,4440,3887,2892,2553,2026-09-02 08:43:05
20,COMPLIAN-000020,2026,6.17,3894,504,2654,1616,2025-09-23 16:15:33
21,COMPLIAN-000021,2026,13.87,933,807,1102,3170,2026-10-18 11:17:42
22,COMPLIAN-000022,2025,21.38,1413,3186,1146,3363,2027-03-19 15:59:25
23,COMPLIAN-000023,2025,16.09,4178,2663,441,1696,2026-09-17 09:36:08
24,COMPLIAN-000024,2025,4.38,3153,2204,4587,1418,2026-06-12 08:55:09
25,COMPLIAN-000025,2026,16.6,2998,2329,2818,3926,2026-07-13 14:20:51
26,COMPLIAN-000026,2026,6.65,4735,548,2782,272,2027-03-23 09:20:23
27,COMPLIAN-000027,2025,15.27,981,202,2378,605,2025-11-08 18:58:01
28,COMPLIAN-000028,2026,3.15,4013,4859,3465,2255,2026-09-10 11:44:32
29,COMPLIAN-000029,2025,5.18,175,4521,4412,4948,2026-05-20 10:15:43
30,COMPLIAN-000030,2026,11.08,4364,2348,1292,1265,2026-03-15 09:03:19
31,COMPLIAN-000031,2026,7.9,2630,2034,235,3186,2026-09-20 11:49:04
32,COMPLIAN-000032,2026,12.96,4061,1876,2553,1530,2026-03-07 13:00:39
33,COMPLIAN-000033,2026,23.24,4077,3530,1891,298,2025-11-30 16:13:02
34,COMPLIAN-000034,2026,3.37,3757,4995,4112,736,2026-10-26 09:30:51
35,COMPLIAN-000035,2026,21.34,1047,4531,2812,1501,2026-08-04 12:16:39
36,COMPLIAN-000036,2025,24.39,4254,1213,1724,3887,2026-08-25 14:42:08
37,COMPLIAN-000037,2026,19.19,1328,2142,3079,3109,2025-12-09 18:45:30
38,COMPLIAN-000038,2025,19.03,4110,1623,3777,145,2026-08-15 14:59:15
39,COMPLIAN-000039,2025,10.4,1511,2190,3402,2891,2027-01-30 11:40:39
40,COMPLIAN-000040,2026,24.78,1802,4862,1271,3969,2026-09-15 17:54:42
41,COMPLIAN-000041,2026,13.27,3533,4077,3255,2417,2026-02-08 15:40:39
42,COMPLIAN-000042,2025,5.32,4501,1065,3088,2122,2026-11-28 10:50:27
43,COMPLIAN-000043,2025,1.22,103,1812,2213,260,2025-09-23 14:07:47
44,COMPLIAN-000044,2026,1.76,3438,1650,556,4671,2026-07-16 11:16:10
45,COMPLIAN-000045,2025,24.22,3088,2444,2217,3030,2026-08-11 14:38:55
46,COMPLIAN-000046,2026,18.5,1790,3511,2365,484,2025-12-16 13:16:42
47,COMPLIAN-000047,2025,6.41,2727,2041,3542,3088,2026-01-12 09:36:43
48,COMPLIAN-000048,2026,18.27,1467,639,3536,1999,2025-11-15 10:20:02
49,COMPLIAN-000049,2025,5.82,4034,1185,4542,1897,2026-03-12 12:30:11
50,COMPLIAN-000050,2026,12.69,2164,4232,2597,1693,2026-12-17 17:31:12
51,COMPLIAN-000051,2025,5.03,3991,1336,1573,4383,2026-09-21 18:40:00
52,COMPLIAN-000052,2026,6.59,2694,3089,3313,868,2026-03-27 15:22:54
53,COMPLIAN-000053,2025,12.48,2020,453,167,198,2027-03-04 14:03:28
54,COMPLIAN-000054,2026,22.32,2428,1969,2077,434,2025-10-10 18:46:54
55,COMPLIAN-000055,2026,4.48,4717,962,2486,2321,2026-05-05 14:39:39
56,COMPLIAN-000056,2025,12.38,2276,4270,2065,2665,2026-04-06 17:39:35
57,COMPLIAN-000057,2026,22.68,1221,3024,770,2884,2026-02-11 15:45:29
58,COMPLIAN-000058,2025,19.9,530,775,384,3593,2026-07-04 11:15:09
59,COMPLIAN-000059,2025,6.67,2434,812,2309,2218,2026-11-07 09:17:52
60,COMPLIAN-000060,2026,13.94,3919,2724,3300,1343,2025-09-13 11:51:55
61,COMPLIAN-000061,2026,8.3,897,2602,4445,4002,2026-07-06 18:23:04
62,COMPLIAN-000062,2025,17.47,1481,3156,1385,2698,2026-09-20 10:29:02
63,COMPLIAN-000063,2025,15.08,2536,2188,3548,2476,2025-12-16 12:15:18
64,COMPLIAN-000064,2025,14.46,3792,3158,2771,750,2025-11-01 13:59:02
65,COMPLIAN-000065,2025,9.27,3905,4981,4564,4767,2026-08-31 13:16:25
66,COMPLIAN-000066,2025,16.13,4453,2546,3376,2867,2026-04-12 14:47:46
67,COMPLIAN-000067,2025,24.82,4841,922,2194,2633,2025-11-15 17:47:05
68,COMPLIAN-000068,2026,3.65,2514,928,3223,2713,2026-07-26 11:36:08
69,COMPLIAN-000069,2026,22.81,1171,239,648,2337,2026-07-05 17:44:52
70,COMPLIAN-000070,2025,13.77,2685,2664,4565,2905,2026-06-14 16:24:49
71,COMPLIAN-000071,2026,7.41,2456,1847,1045,4349,2027-01-10 11:34:34
72,COMPLIAN-000072,2026,20.82,1015,3896,809,2766,2026-09-24 13:47:49
73,COMPLIAN-000073,2026,1.23,3893,3333,1844,4625,2026-03-27 17:15:45
74,COMPLIAN-000074,2025,10.97,2360,2782,1465,126,2026-09-06 08:21:15
75,COMPLIAN-000075,2026,9.46,3619,1040,1732,1003,2026-10-09 16:53:43
76,COMPLIAN-000076,2025,18.95,1116,1581,3204,2583,2026-08-26 17:00:14
77,COMPLIAN-000077,2025,22.43,236,3196,439,3132,2025-11-11 11:56:14
78,COMPLIAN-000078,2026,12.13,1650,1474,1204,315,2025-11-11 11:43:49
79,COMPLIAN-000079,2026,9.33,493,4671,4569,173,2025-12-20 12:40:47
80,COMPLIAN-000080,2025,19.65,2018,2675,733,1979,2025-11-15 12:39:52
81,COMPLIAN-000081,2026,14.39,3766,26,4580,4815,2026-04-04 13:51:04
82,COMPLIAN-000082,2026,19.17,2848,2813,2394,3876,2026-04-19 09:52:31
83,COMPLIAN-000083,2026,11.72,234,4575,3609,3447,2026-02-22 17:38:57
84,COMPLIAN-000084,2025,16.5,31,2882,361,2266,2025-12-15 09:45:01
85,COMPLIAN-000085,2025,21.97,622,3559,4729,2208,2025-11-15 11:33:45
86,COMPLIAN-000086,2025,21.59,3557,332,3174,1767,2026-04-22 12:12:25
87,COMPLIAN-000087,2025,12.86,490,4441,1935,463,2025-12-13 18:39:12
88,COMPLIAN-000088,2026,24.95,115,4856,972,3861,2027-02-02 11:23:24
89,COMPLIAN-000089,2026,7.49,864,2678,3898,2970,2026-05-10 12:51:58
90,COMPLIAN-000090,2025,16.42,3076,4390,2673,1935,2026-02-25 08:24:15
91,COMPLIAN-000091,2025,15.55,4132,1117,130,1242,2026-09-08 09:10:00
92,COMPLIAN-000092,2025,18.71,3312,1276,392,4561,2026-10-07 08:21:16
93,COMPLIAN-000093,2025,15.06,4780,3892,2678,3741,2026-05-13 13:02:50
94,COMPLIAN-000094,2025,12.13,1923,622,4127,3835,2026-09-22 17:52:46
95,COMPLIAN-000095,2026,24.56,1941,828,1565,4423,2026-02-17 17:55:30
96,COMPLIAN-000096,2025,10.66,1666,1984,1829,1376,2027-02-01 16:45:59
97,COMPLIAN-000097,2025,13.21,4572,667,1171,3009,2027-01-23 09:56:15
98,COMPLIAN-000098,2026,17.28,4355,1262,3579,3365,2027-02-27 17:39:16
99,COMPLIAN-000099,2025,24.14,3299,1111,1123,4331,2026-09-14 09:30:35
100,COMPLIAN-000100,2025,18.07,2088,2988,4519,637,2026-06-23 13:37:04
