id,invoice_id,action,old_status,new_status,description,performed_by,created_at
1,1,INVOICE-000001,INVOICE-000001,INVOICE-000001,Development record for Indian supplier and supply-chain operations.,5,2027-01-14 15:59:54
2,2,INVOICE-000002,INVOICE-000002,INVOICE-000002,Development record for Indian supplier and supply-chain operations.,2,2025-12-20 09:40:43
3,3,INVOICE-000003,INVOICE-000003,INVOICE-000003,Development record for Indian supplier and supply-chain operations.,1,2026-04-27 08:07:20
4,4,INVOICE-000004,INVOICE-000004,INVOICE-000004,Development record for Indian supplier and supply-chain operations.,4,2026-01-16 17:52:51
5,5,INVOICE-000005,INVOICE-000005,INVOICE-000005,Development record for Indian supplier and supply-chain operations.,4,2026-07-24 10:56:36
6,6,INVOICE-000006,INVOICE-000006,INVOICE-000006,Development record for Indian supplier and supply-chain operations.,1,2025-10-04 09:14:30
7,7,INVOICE-000007,INVOICE-000007,INVOICE-000007,Development record for Indian supplier and supply-chain operations.,3,2026-10-06 11:49:42
8,8,INVOICE-000008,INVOICE-000008,INVOICE-000008,Development record for Indian supplier and supply-chain operations.,3,2026-06-27 14:55:17
9,9,INVOICE-000009,INVOICE-000009,INVOICE-000009,Development record for Indian supplier and supply-chain operations.,5,2025-11-09 18:27:16
10,10,INVOICE-000010,INVOICE-000010,INVOICE-000010,Development record for Indian supplier and supply-chain operations.,2,2026-10-12 15:53:03
11,11,INVOICE-000011,INVOICE-000011,INVOICE-000011,Development record for Indian supplier and supply-chain operations.,5,2025-11-09 09:38:46
12,12,INVOICE-000012,INVOICE-000012,INVOICE-000012,Development record for Indian supplier and supply-chain operations.,5,2026-10-15 12:38:53
13,13,INVOICE-000013,INVOICE-000013,INVOICE-000013,Development record for Indian supplier and supply-chain operations.,4,2025-12-01 15:56:19
14,14,INVOICE-000014,INVOICE-000014,INVOICE-000014,Development record for Indian supplier and supply-chain operations.,2,2026-01-29 16:25:40
15,15,INVOICE-000015,INVOICE-000015,INVOICE-000015,Development record for Indian supplier and supply-chain operations.,1,2026-01-29 13:38:08
16,16,INVOICE-000016,INVOICE-000016,INVOICE-000016,Development record for Indian supplier and supply-chain operations.,4,2026-05-12 16:14:55
17,17,INVOICE-000017,INVOICE-000017,INVOICE-000017,Development record for Indian supplier and supply-chain operations.,4,2025-12-28 17:51:11
18,18,INVOICE-000018,INVOICE-000018,INVOICE-000018,Development record for Indian supplier and supply-chain operations.,1,2026-07-10 16:25:45
19,19,INVOICE-000019,INVOICE-000019,INVOICE-000019,Development record for Indian supplier and supply-chain operations.,3,2026-03-03 17:34:09
20,20,INVOICE-000020,INVOICE-000020,INVOICE-000020,Development record for Indian supplier and supply-chain operations.,5,2026-06-07 08:13:34
21,21,INVOICE-000021,INVOICE-000021,INVOICE-000021,Development record for Indian supplier and supply-chain operations.,3,2026-02-04 09:33:51
22,22,INVOICE-000022,INVOICE-000022,INVOICE-000022,Development record for Indian supplier and supply-chain operations.,5,2026-06-11 13:25:47
23,23,INVOICE-000023,INVOICE-000023,INVOICE-000023,Development record for Indian supplier and supply-chain operations.,5,2026-01-25 10:37:53
24,24,INVOICE-000024,INVOICE-000024,INVOICE-000024,Development record for Indian supplier and supply-chain operations.,1,2026-12-14 12:08:22
25,25,INVOICE-000025,INVOICE-000025,INVOICE-000025,Development record for Indian supplier and supply-chain operations.,1,2026-03-23 14:44:22
26,26,INVOICE-000026,INVOICE-000026,INVOICE-000026,Development record for Indian supplier and supply-chain operations.,4,2027-03-09 08:31:54
27,27,INVOICE-000027,INVOICE-000027,INVOICE-000027,Development record for Indian supplier and supply-chain operations.,1,2026-09-14 12:45:55
28,28,INVOICE-000028,INVOICE-000028,INVOICE-000028,Development record for Indian supplier and supply-chain operations.,1,2026-05-18 18:09:22
29,29,INVOICE-000029,INVOICE-000029,INVOICE-000029,Development record for Indian supplier and supply-chain operations.,2,2026-04-18 15:48:08
30,30,INVOICE-000030,INVOICE-000030,INVOICE-000030,Development record for Indian supplier and supply-chain operations.,5,2027-01-21 09:38:14
31,31,INVOICE-000031,INVOICE-000031,INVOICE-000031,Development record for Indian supplier and supply-chain operations.,4,2026-04-23 12:51:24
32,32,INVOICE-000032,INVOICE-000032,INVOICE-000032,Development record for Indian supplier and supply-chain operations.,4,2026-11-06 16:15:32
33,33,INVOICE-000033,INVOICE-000033,INVOICE-000033,Development record for Indian supplier and supply-chain operations.,5,2027-03-05 10:52:33
34,34,INVOICE-000034,INVOICE-000034,INVOICE-000034,Development record for Indian supplier and supply-chain operations.,5,2026-11-14 15:43:05
35,35,INVOICE-000035,INVOICE-000035,INVOICE-000035,Development record for Indian supplier and supply-chain operations.,3,2027-02-10 18:18:43
36,36,INVOICE-000036,INVOICE-000036,INVOICE-000036,Development record for Indian supplier and supply-chain operations.,3,2026-07-02 12:26:46
37,37,INVOICE-000037,INVOICE-000037,INVOICE-000037,Development record for Indian supplier and supply-chain operations.,1,2026-02-18 13:29:48
38,38,INVOICE-000038,INVOICE-000038,INVOICE-000038,Development record for Indian supplier and supply-chain operations.,4,2026-07-05 10:22:15
39,39,INVOICE-000039,INVOICE-000039,INVOICE-000039,Development record for Indian supplier and supply-chain operations.,3,2025-11-05 13:16:31
40,40,INVOICE-000040,INVOICE-000040,INVOICE-000040,Development record for Indian supplier and supply-chain operations.,5,2027-02-26 13:55:04
41,41,INVOICE-000041,INVOICE-000041,INVOICE-000041,Development record for Indian supplier and supply-chain operations.,2,2026-11-08 10:03:09
42,42,INVOICE-000042,INVOICE-000042,INVOICE-000042,Development record for Indian supplier and supply-chain operations.,3,2027-03-20 16:47:40
43,43,INVOICE-000043,INVOICE-000043,INVOICE-000043,Development record for Indian supplier and supply-chain operations.,5,2025-09-25 12:30:23
44,44,INVOICE-000044,INVOICE-000044,INVOICE-000044,Development record for Indian supplier and supply-chain operations.,5,2026-08-04 15:13:05
45,45,INVOICE-000045,INVOICE-000045,INVOICE-000045,Development record for Indian supplier and supply-chain operations.,4,2026-11-24 12:28:23
46,46,INVOICE-000046,INVOICE-000046,INVOICE-000046,Development record for Indian supplier and supply-chain operations.,3,2025-12-16 12:55:23
47,47,INVOICE-000047,INVOICE-000047,INVOICE-000047,Development record for Indian supplier and supply-chain operations.,1,2026-10-15 18:31:24
48,48,INVOICE-000048,INVOICE-000048,INVOICE-000048,Development record for Indian supplier and supply-chain operations.,2,2026-12-28 15:54:02
49,49,INVOICE-000049,INVOICE-000049,INVOICE-000049,Development record for Indian supplier and supply-chain operations.,3,2026-09-15 18:42:20
50,50,INVOICE-000050,INVOICE-000050,INVOICE-000050,Development record for Indian supplier and supply-chain operations.,1,2026-03-09 08:16:39
51,51,INVOICE-000051,INVOICE-000051,INVOICE-000051,Development record for Indian supplier and supply-chain operations.,4,2027-01-29 17:48:01
52,52,INVOICE-000052,INVOICE-000052,INVOICE-000052,Development record for Indian supplier and supply-chain operations.,1,2027-01-30 08:15:38
53,53,INVOICE-000053,INVOICE-000053,INVOICE-000053,Development record for Indian supplier and supply-chain operations.,4,2027-03-16 18:06:40
54,54,INVOICE-000054,INVOICE-000054,INVOICE-000054,Development record for Indian supplier and supply-chain operations.,2,2026-07-10 14:56:32
55,55,INVOICE-000055,INVOICE-000055,INVOICE-000055,Development record for Indian supplier and supply-chain operations.,1,2025-10-08 11:25:00
56,56,INVOICE-000056,INVOICE-000056,INVOICE-000056,Development record for Indian supplier and supply-chain operations.,5,2026-09-12 14:13:34
57,57,INVOICE-000057,INVOICE-000057,INVOICE-000057,Development record for Indian supplier and supply-chain operations.,1,2027-02-09 11:23:27
58,58,INVOICE-000058,INVOICE-000058,INVOICE-000058,Development record for Indian supplier and supply-chain operations.,4,2026-10-09 08:16:16
59,59,INVOICE-000059,INVOICE-000059,INVOICE-000059,Development record for Indian supplier and supply-chain operations.,1,2025-10-06 18:36:49
60,60,INVOICE-000060,INVOICE-000060,INVOICE-000060,Development record for Indian supplier and supply-chain operations.,4,2025-12-18 14:15:21
61,61,INVOICE-000061,INVOICE-000061,INVOICE-000061,Development record for Indian supplier and supply-chain operations.,1,2025-12-01 14:56:36
62,62,INVOICE-000062,INVOICE-000062,INVOICE-000062,Development record for Indian supplier and supply-chain operations.,1,2027-01-10 09:41:34
63,63,INVOICE-000063,INVOICE-000063,INVOICE-000063,Development record for Indian supplier and supply-chain operations.,1,2026-09-15 16:03:50
64,64,INVOICE-000064,INVOICE-000064,INVOICE-000064,Development record for Indian supplier and supply-chain operations.,5,2026-07-04 17:46:18
65,65,INVOICE-000065,INVOICE-000065,INVOICE-000065,Development record for Indian supplier and supply-chain operations.,3,2027-01-13 12:28:20
66,66,INVOICE-000066,INVOICE-000066,INVOICE-000066,Development record for Indian supplier and supply-chain operations.,1,2026-08-28 09:58:31
67,67,INVOICE-000067,INVOICE-000067,INVOICE-000067,Development record for Indian supplier and supply-chain operations.,1,2026-12-22 12:27:47
68,68,INVOICE-000068,INVOICE-000068,INVOICE-000068,Development record for Indian supplier and supply-chain operations.,5,2026-11-14 15:22:22
69,69,INVOICE-000069,INVOICE-000069,INVOICE-000069,Development record for Indian supplier and supply-chain operations.,2,2026-04-16 13:12:33
70,70,INVOICE-000070,INVOICE-000070,INVOICE-000070,Development record for Indian supplier and supply-chain operations.,3,2026-07-21 10:04:24
71,71,INVOICE-000071,INVOICE-000071,INVOICE-000071,Development record for Indian supplier and supply-chain operations.,1,2026-10-18 16:36:31
72,72,INVOICE-000072,INVOICE-000072,INVOICE-000072,Development record for Indian supplier and supply-chain operations.,4,2025-11-26 09:32:35
73,73,INVOICE-000073,INVOICE-000073,INVOICE-000073,Development record for Indian supplier and supply-chain operations.,2,2027-01-26 09:26:08
74,74,INVOICE-000074,INVOICE-000074,INVOICE-000074,Development record for Indian supplier and supply-chain operations.,5,2025-10-31 18:50:56
75,75,INVOICE-000075,INVOICE-000075,INVOICE-000075,Development record for Indian supplier and supply-chain operations.,3,2027-02-14 18:52:30
76,76,INVOICE-000076,INVOICE-000076,INVOICE-000076,Development record for Indian supplier and supply-chain operations.,1,2026-10-21 13:03:55
77,77,INVOICE-000077,INVOICE-000077,INVOICE-000077,Development record for Indian supplier and supply-chain operations.,3,2026-02-12 09:59:37
78,78,INVOICE-000078,INVOICE-000078,INVOICE-000078,Development record for Indian supplier and supply-chain operations.,2,2026-09-25 18:46:19
79,79,INVOICE-000079,INVOICE-000079,INVOICE-000079,Development record for Indian supplier and supply-chain operations.,3,2026-11-19 11:08:13
80,80,INVOICE-000080,INVOICE-000080,INVOICE-000080,Development record for Indian supplier and supply-chain operations.,4,2026-01-10 14:37:14
81,81,INVOICE-000081,INVOICE-000081,INVOICE-000081,Development record for Indian supplier and supply-chain operations.,1,2026-01-21 15:56:57
82,82,INVOICE-000082,INVOICE-000082,INVOICE-000082,Development record for Indian supplier and supply-chain operations.,1,2027-02-07 15:42:30
83,83,INVOICE-000083,INVOICE-000083,INVOICE-000083,Development record for Indian supplier and supply-chain operations.,2,2027-01-19 14:28:47
84,84,INVOICE-000084,INVOICE-000084,INVOICE-000084,Development record for Indian supplier and supply-chain operations.,5,2025-09-30 15:41:38
85,85,INVOICE-000085,INVOICE-000085,INVOICE-000085,Development record for Indian supplier and supply-chain operations.,2,2026-12-19 15:27:22
86,86,INVOICE-000086,INVOICE-000086,INVOICE-000086,Development record for Indian supplier and supply-chain operations.,4,2025-09-07 12:25:43
87,87,INVOICE-000087,INVOICE-000087,INVOICE-000087,Development record for Indian supplier and supply-chain operations.,4,2026-05-22 15:13:55
88,88,INVOICE-000088,INVOICE-000088,INVOICE-000088,Development record for Indian supplier and supply-chain operations.,3,2027-03-19 17:05:23
89,89,INVOICE-000089,INVOICE-000089,INVOICE-000089,Development record for Indian supplier and supply-chain operations.,2,2025-10-11 18:31:34
90,90,INVOICE-000090,INVOICE-000090,INVOICE-000090,Development record for Indian supplier and supply-chain operations.,1,2026-12-30 12:05:04
91,91,INVOICE-000091,INVOICE-000091,INVOICE-000091,Development record for Indian supplier and supply-chain operations.,4,2026-01-02 09:11:02
92,92,INVOICE-000092,INVOICE-000092,INVOICE-000092,Development record for Indian supplier and supply-chain operations.,3,2026-06-02 09:51:45
93,93,INVOICE-000093,INVOICE-000093,INVOICE-000093,Development record for Indian supplier and supply-chain operations.,5,2027-01-27 14:08:58
94,94,INVOICE-000094,INVOICE-000094,INVOICE-000094,Development record for Indian supplier and supply-chain operations.,2,2026-12-26 14:51:43
95,95,INVOICE-000095,INVOICE-000095,INVOICE-000095,Development record for Indian supplier and supply-chain operations.,4,2027-01-11 18:15:58
96,96,INVOICE-000096,INVOICE-000096,INVOICE-000096,Development record for Indian supplier and supply-chain operations.,4,2027-02-18 11:33:22
97,97,INVOICE-000097,INVOICE-000097,INVOICE-000097,Development record for Indian supplier and supply-chain operations.,3,2027-01-26 17:57:10
98,98,INVOICE-000098,INVOICE-000098,INVOICE-000098,Development record for Indian supplier and supply-chain operations.,1,2026-01-09 14:05:50
99,99,INVOICE-000099,INVOICE-000099,INVOICE-000099,Development record for Indian supplier and supply-chain operations.,1,2026-10-03 12:28:50
100,100,INVOICE-000100,INVOICE-000100,INVOICE-000100,Development record for Indian supplier and supply-chain operations.,3,2026-05-09 17:00:54
101,101,INVOICE-000101,INVOICE-000101,INVOICE-000101,Development record for Indian supplier and supply-chain operations.,2,2027-02-15 16:20:39
102,102,INVOICE-000102,INVOICE-000102,INVOICE-000102,Development record for Indian supplier and supply-chain operations.,1,2025-10-20 17:42:36
103,103,INVOICE-000103,INVOICE-000103,INVOICE-000103,Development record for Indian supplier and supply-chain operations.,3,2026-09-11 16:51:16
104,104,INVOICE-000104,INVOICE-000104,INVOICE-000104,Development record for Indian supplier and supply-chain operations.,5,2025-10-21 15:46:28
105,105,INVOICE-000105,INVOICE-000105,INVOICE-000105,Development record for Indian supplier and supply-chain operations.,1,2026-06-29 17:35:13
106,106,INVOICE-000106,INVOICE-000106,INVOICE-000106,Development record for Indian supplier and supply-chain operations.,2,2026-03-23 09:59:44
107,107,INVOICE-000107,INVOICE-000107,INVOICE-000107,Development record for Indian supplier and supply-chain operations.,1,2026-09-03 16:26:11
108,108,INVOICE-000108,INVOICE-000108,INVOICE-000108,Development record for Indian supplier and supply-chain operations.,1,2026-08-07 13:17:02
109,109,INVOICE-000109,INVOICE-000109,INVOICE-000109,Development record for Indian supplier and supply-chain operations.,3,2026-09-04 08:35:21
110,110,INVOICE-000110,INVOICE-000110,INVOICE-000110,Development record for Indian supplier and supply-chain operations.,4,2026-05-19 16:23:10
111,111,INVOICE-000111,INVOICE-000111,INVOICE-000111,Development record for Indian supplier and supply-chain operations.,2,2027-01-06 13:33:09
112,112,INVOICE-000112,INVOICE-000112,INVOICE-000112,Development record for Indian supplier and supply-chain operations.,4,2026-03-02 09:21:34
113,113,INVOICE-000113,INVOICE-000113,INVOICE-000113,Development record for Indian supplier and supply-chain operations.,1,2025-10-13 18:20:05
114,114,INVOICE-000114,INVOICE-000114,INVOICE-000114,Development record for Indian supplier and supply-chain operations.,4,2026-04-21 14:59:14
115,115,INVOICE-000115,INVOICE-000115,INVOICE-000115,Development record for Indian supplier and supply-chain operations.,4,2025-12-06 09:03:13
116,116,INVOICE-000116,INVOICE-000116,INVOICE-000116,Development record for Indian supplier and supply-chain operations.,4,2026-10-30 14:50:29
117,117,INVOICE-000117,INVOICE-000117,INVOICE-000117,Development record for Indian supplier and supply-chain operations.,2,2026-09-28 09:31:49
118,118,INVOICE-000118,INVOICE-000118,INVOICE-000118,Development record for Indian supplier and supply-chain operations.,5,2027-01-09 18:11:03
119,119,INVOICE-000119,INVOICE-000119,INVOICE-000119,Development record for Indian supplier and supply-chain operations.,2,2027-02-12 15:12:35
120,120,INVOICE-000120,INVOICE-000120,INVOICE-000120,Development record for Indian supplier and supply-chain operations.,5,2025-11-24 16:34:47
121,121,INVOICE-000121,INVOICE-000121,INVOICE-000121,Development record for Indian supplier and supply-chain operations.,5,2025-09-07 17:27:17
122,122,INVOICE-000122,INVOICE-000122,INVOICE-000122,Development record for Indian supplier and supply-chain operations.,1,2026-01-23 10:27:08
123,123,INVOICE-000123,INVOICE-000123,INVOICE-000123,Development record for Indian supplier and supply-chain operations.,1,2026-12-25 09:57:53
124,124,INVOICE-000124,INVOICE-000124,INVOICE-000124,Development record for Indian supplier and supply-chain operations.,5,2026-04-05 13:59:31
125,125,INVOICE-000125,INVOICE-000125,INVOICE-000125,Development record for Indian supplier and supply-chain operations.,1,2026-03-25 12:08:30
126,126,INVOICE-000126,INVOICE-000126,INVOICE-000126,Development record for Indian supplier and supply-chain operations.,1,2026-01-18 16:43:51
127,127,INVOICE-000127,INVOICE-000127,INVOICE-000127,Development record for Indian supplier and supply-chain operations.,3,2025-10-30 10:40:31
128,128,INVOICE-000128,INVOICE-000128,INVOICE-000128,Development record for Indian supplier and supply-chain operations.,3,2026-02-05 10:24:32
129,129,INVOICE-000129,INVOICE-000129,INVOICE-000129,Development record for Indian supplier and supply-chain operations.,4,2026-12-19 11:20:33
130,130,INVOICE-000130,INVOICE-000130,INVOICE-000130,Development record for Indian supplier and supply-chain operations.,4,2025-12-06 13:17:54
131,131,INVOICE-000131,INVOICE-000131,INVOICE-000131,Development record for Indian supplier and supply-chain operations.,2,2026-09-10 17:24:07
132,132,INVOICE-000132,INVOICE-000132,INVOICE-000132,Development record for Indian supplier and supply-chain operations.,1,2026-04-25 11:49:25
133,133,INVOICE-000133,INVOICE-000133,INVOICE-000133,Development record for Indian supplier and supply-chain operations.,1,2027-02-15 09:50:51
134,134,INVOICE-000134,INVOICE-000134,INVOICE-000134,Development record for Indian supplier and supply-chain operations.,1,2025-12-26 16:28:14
135,135,INVOICE-000135,INVOICE-000135,INVOICE-000135,Development record for Indian supplier and supply-chain operations.,4,2025-12-30 10:46:19
136,136,INVOICE-000136,INVOICE-000136,INVOICE-000136,Development record for Indian supplier and supply-chain operations.,4,2025-12-26 13:34:48
137,137,INVOICE-000137,INVOICE-000137,INVOICE-000137,Development record for Indian supplier and supply-chain operations.,2,2027-02-27 10:52:42
138,138,INVOICE-000138,INVOICE-000138,INVOICE-000138,Development record for Indian supplier and supply-chain operations.,4,2026-07-05 11:43:31
139,139,INVOICE-000139,INVOICE-000139,INVOICE-000139,Development record for Indian supplier and supply-chain operations.,3,2026-04-17 09:11:17
140,140,INVOICE-000140,INVOICE-000140,INVOICE-000140,Development record for Indian supplier and supply-chain operations.,1,2026-09-20 13:30:28
141,141,INVOICE-000141,INVOICE-000141,INVOICE-000141,Development record for Indian supplier and supply-chain operations.,4,2026-09-18 10:21:59
142,142,INVOICE-000142,INVOICE-000142,INVOICE-000142,Development record for Indian supplier and supply-chain operations.,1,2026-07-29 16:46:27
143,143,INVOICE-000143,INVOICE-000143,INVOICE-000143,Development record for Indian supplier and supply-chain operations.,4,2026-04-17 17:46:31
144,144,INVOICE-000144,INVOICE-000144,INVOICE-000144,Development record for Indian supplier and supply-chain operations.,3,2027-03-01 12:14:35
145,145,INVOICE-000145,INVOICE-000145,INVOICE-000145,Development record for Indian supplier and supply-chain operations.,3,2026-02-23 08:36:03
146,146,INVOICE-000146,INVOICE-000146,INVOICE-000146,Development record for Indian supplier and supply-chain operations.,1,2026-09-15 17:26:31
147,147,INVOICE-000147,INVOICE-000147,INVOICE-000147,Development record for Indian supplier and supply-chain operations.,1,2026-06-26 11:57:55
148,148,INVOICE-000148,INVOICE-000148,INVOICE-000148,Development record for Indian supplier and supply-chain operations.,2,2025-11-10 09:34:39
149,149,INVOICE-000149,INVOICE-000149,INVOICE-000149,Development record for Indian supplier and supply-chain operations.,2,2025-10-29 13:53:50
150,150,INVOICE-000150,INVOICE-000150,INVOICE-000150,Development record for Indian supplier and supply-chain operations.,4,2026-07-23 12:09:07
